{"card_id":"CARD_3a068d3f","card_num":"4578914727707","is_consent":true,"card_name":"Discover","card_member":"1","card_type":"02","org_code":"SHINHAN_CARD","user_id":"c54dc102-9169-463a-b97b-6af6c9438588"}
{"card_id":"CARD_77e493c2","card_num":"4925719580106","is_consent":true,"card_name":"VISA 16 digit","card_member":"1","card_type":"01","org_code":"HANA_CARD","user_id":"012893f3-b24e-4b78-b174-8004c1b49733"}
{"card_id":"CARD_a646e084","card_num":"374477837895000","is_consent":true,"card_name":"Diners Club / Carte Blanche","card_member":"1","card_type":"02","org_code":"SAMSUNG","user_id":"012893f3-b24e-4b78-b174-8004c1b49733"}
{"card_id":"CARD_8f2e2790","card_num":"2339993640782946","is_consent":true,"card_name":"Diners Club / Carte Blanche","card_member":"1","card_type":"02","org_code":"SHINHAN_BANK","user_id":"012893f3-b24e-4b78-b174-8004c1b49733"}
{"card_id":"CARD_ee5151cf","card_num":"4297046722904288","is_consent":true,"card_name":"Mastercard","card_member":"1","card_type":"02","org_code":"HYUNDAI","user_id":"bb67e9e9-f3c4-40e1-b251-1cb6492bdb7c"}
{"card_id":"CARD_6046a160","card_num":"180084945705727","is_consent":true,"card_name":"JCB 16 digit","card_member":"1","card_type":"01","org_code":"KAKAO","user_id":"bb67e9e9-f3c4-40e1-b251-1cb6492bdb7c"}
{"card_id":"CARD_3b4fa80c","card_num":"38338077569184","is_consent":true,"card_name":"VISA 16 digit","card_member":"1","card_type":"01","org_code":"IBK","user_id":"bb67e9e9-f3c4-40e1-b251-1cb6492bdb7c"}
{"card_id":"CARD_b49cb9eb","card_num":"30134968783838","is_consent":true,"card_name":"Diners Club / Carte Blanche","card_member":"1","card_type":"01","org_code":"SHINHAN_BANK","user_id":"bb67e9e9-f3c4-40e1-b251-1cb6492bdb7c"}
{"card_id":"CARD_61f3c632","card_num":"180030753607570","is_consent":true,"card_name":"VISA 16 digit","card_member":"1","card_type":"01","org_code":"KAKAO","user_id":"fd015524-d0d1-4b87-828f-79de003b7161"}
{"card_id":"CARD_ef5c50d2","card_num":"3542449303615718","is_consent":true,"card_name":"VISA 16 digit","card_member":"1","card_type":"02","org_code":"SC","user_id":"fd015524-d0d1-4b87-828f-79de003b7161"}
{"card_id":"CARD_d2d53997","card_num":"4792414199431344","is_consent":true,"card_name":"American Express","card_member":"1","card_type":"01","org_code":"SHINHAN_BANK","user_id":"fd015524-d0d1-4b87-828f-79de003b7161"}
{"card_id":"CARD_20c658c1","card_num":"38677968912635","is_consent":true,"card_name":"American Express","card_member":"1","card_type":"02","org_code":"LOTTE","user_id":"fd015524-d0d1-4b87-828f-79de003b7161"}
{"card_id":"CARD_fa200819","card_num":"4181568320141","is_consent":true,"card_name":"Mastercard","card_member":"1","card_type":"01","org_code":"SHINHAN_CARD","user_id":"fd015524-d0d1-4b87-828f-79de003b7161"}
{"card_id":"CARD_309e5519","card_num":"2702739861899664","is_consent":true,"card_name":"VISA 16 digit","card_member":"1","card_type":"02","org_code":"KB_BANK","user_id":"fd015524-d0d1-4b87-828f-79de003b7161"}
{"card_id":"CARD_b17a1de6","card_num":"30340988232660","is_consent":true,"card_name":"JCB 15 digit","card_member":"1","card_type":"01","org_code":"MIRAE","user_id":"fd015524-d0d1-4b87-828f-79de003b7161"}
{"card_id":"CARD_02456f21","card_num":"3584726754414611","is_consent":true,"card_name":"VISA 19 digit","card_member":"1","card_type":"01","org_code":"SC","user_id":"becadc34-f06a-4437-a55c-2ae843123508"}
{"card_id":"CARD_79440940","card_num":"4175142224257361","is_consent":true,"card_name":"American Express","card_member":"1","card_type":"01","org_code":"WOORI_CARD","user_id":"becadc34-f06a-4437-a55c-2ae843123508"}
{"card_id":"CARD_9e12807b","card_num":"4428329567258313","is_consent":true,"card_name":"JCB 16 digit","card_member":"1","card_type":"01","org_code":"NONGHYUP","user_id":"becadc34-f06a-4437-a55c-2ae843123508"}
{"card_id":"CARD_ea3e43fe","card_num":"503879888694","is_consent":true,"card_name":"JCB 16 digit","card_member":"1","card_type":"02","org_code":"BC","user_id":"becadc34-f06a-4437-a55c-2ae843123508"}
{"card_id":"CARD_89540a49","card_num":"4108662407733781","is_consent":true,"card_name":"Maestro","card_member":"1","card_type":"02","org_code":"SHINHAN_CARD","user_id":"becadc34-f06a-4437-a55c-2ae843123508"}
{"card_id":"CARD_17609f30","card_num":"3517283962292175","is_consent":true,"card_name":"VISA 13 digit","card_member":"1","card_type":"02","org_code":"WOORI","user_id":"becadc34-f06a-4437-a55c-2ae843123508"}
{"card_id":"CARD_c1d29f37","card_num":"3528471442078366","is_consent":true,"card_name":"American Express","card_member":"1","card_type":"02","org_code":"KB_CARD","user_id":"1ff7e3f4-9089-48b0-8e5c-d6c4baf49cf6"}
{"card_id":"CARD_899f93a8","card_num":"4193775592834234","is_consent":true,"card_name":"VISA 19 digit","card_member":"1","card_type":"01","org_code":"HANA_CARD","user_id":"26278a9a-4fe1-4af0-84fa-b64dc1d0e745"}
{"card_id":"CARD_43947661","card_num":"4511217780770297","is_consent":true,"card_name":"American Express","card_member":"1","card_type":"01","org_code":"HYUNDAI","user_id":"26278a9a-4fe1-4af0-84fa-b64dc1d0e745"}
{"card_id":"CARD_c41382b4","card_num":"4051261241551660338","is_consent":true,"card_name":"Discover","card_member":"1","card_type":"01","org_code":"SHINHAN_CARD","user_id":"26278a9a-4fe1-4af0-84fa-b64dc1d0e745"}
{"card_id":"CARD_24a8fcff","card_num":"3514713443646287","is_consent":true,"card_name":"VISA 16 digit","card_member":"1","card_type":"01","org_code":"KB_CARD","user_id":"26278a9a-4fe1-4af0-84fa-b64dc1d0e745"}
{"card_id":"CARD_9f3bf62e","card_num":"370491296499299","is_consent":true,"card_name":"American Express","card_member":"1","card_type":"02","org_code":"IBK","user_id":"26278a9a-4fe1-4af0-84fa-b64dc1d0e745"}
{"card_id":"CARD_420588ee","card_num":"502094036428","is_consent":true,"card_name":"VISA 19 digit","card_member":"1","card_type":"01","org_code":"HANA_CARD","user_id":"26278a9a-4fe1-4af0-84fa-b64dc1d0e745"}
{"card_id":"CARD_509bdcf3","card_num":"3592978930919662","is_consent":true,"card_name":"VISA 13 digit","card_member":"1","card_type":"01","org_code":"HANA_BANK","user_id":"26278a9a-4fe1-4af0-84fa-b64dc1d0e745"}
{"card_id":"CARD_3213d80b","card_num":"060400838581","is_consent":true,"card_name":"VISA 13 digit","card_member":"1","card_type":"01","org_code":"KAKAO","user_id":"2ec12c68-cd60-4320-8f1b-eb38c752792b"}
{"card_id":"CARD_516d1acf","card_num":"3560854798633521","is_consent":true,"card_name":"VISA 13 digit","card_member":"1","card_type":"02","org_code":"SHINHAN_CARD","user_id":"2ec12c68-cd60-4320-8f1b-eb38c752792b"}
{"card_id":"CARD_8a23bc10","card_num":"2240261301030395","is_consent":true,"card_name":"Diners Club / Carte Blanche","card_member":"1","card_type":"01","org_code":"KB_CARD","user_id":"2ec12c68-cd60-4320-8f1b-eb38c752792b"}
{"card_id":"CARD_a5ba19cc","card_num":"180094797856353","is_consent":true,"card_name":"Maestro","card_member":"1","card_type":"02","org_code":"MIRAE","user_id":"2ec12c68-cd60-4320-8f1b-eb38c752792b"}
{"card_id":"CARD_95069bcf","card_num":"4861868973369226","is_consent":true,"card_name":"JCB 16 digit","card_member":"1","card_type":"01","org_code":"WOORI","user_id":"2ec12c68-cd60-4320-8f1b-eb38c752792b"}
{"card_id":"CARD_074a1677","card_num":"38149678823221","is_consent":true,"card_name":"Discover","card_member":"1","card_type":"01","org_code":"SC","user_id":"2ec12c68-cd60-4320-8f1b-eb38c752792b"}
{"card_id":"CARD_cb8d2f50","card_num":"6510266107853993","is_consent":true,"card_name":"Maestro","card_member":"1","card_type":"02","org_code":"NONGHYUP","user_id":"1a9cbbd1-87f1-4cca-80f6-c8a9f9b30395"}
{"card_id":"CARD_92913d81","card_num":"30538359254565","is_consent":true,"card_name":"JCB 15 digit","card_member":"1","card_type":"02","org_code":"SC","user_id":"1a9cbbd1-87f1-4cca-80f6-c8a9f9b30395"}
{"card_id":"CARD_ceb0a0e8","card_num":"346632265826928","is_consent":true,"card_name":"Mastercard","card_member":"1","card_type":"02","org_code":"BC","user_id":"1a9cbbd1-87f1-4cca-80f6-c8a9f9b30395"}
{"card_id":"CARD_227935b7","card_num":"4565656243022013552","is_consent":true,"card_name":"Mastercard","card_member":"1","card_type":"01","org_code":"HYUNDAI","user_id":"0cf136c1-970b-4a4e-a27e-74f1771464ba"}
{"card_id":"CARD_ef372481","card_num":"3517151487495666","is_consent":true,"card_name":"VISA 16 digit","card_member":"1","card_type":"01","org_code":"SHINHAN_CARD","user_id":"0cf136c1-970b-4a4e-a27e-74f1771464ba"}
{"card_id":"CARD_521145d8","card_num":"4089277935007906","is_consent":true,"card_name":"Maestro","card_member":"1","card_type":"01","org_code":"LOTTE","user_id":"0cf136c1-970b-4a4e-a27e-74f1771464ba"}
{"card_id":"CARD_c4b2093d","card_num":"6011863681108879","is_consent":true,"card_name":"Maestro","card_member":"1","card_type":"02","org_code":"IBK","user_id":"bf15c807-0f12-438e-97df-a32af3131943"}
{"card_id":"CARD_8f8691ca","card_num":"4933118053986837181","is_consent":true,"card_name":"JCB 15 digit","card_member":"1","card_type":"02","org_code":"MIRAE","user_id":"bf15c807-0f12-438e-97df-a32af3131943"}
{"card_id":"CARD_0919398f","card_num":"4360677145595","is_consent":true,"card_name":"VISA 19 digit","card_member":"1","card_type":"01","org_code":"HYUNDAI","user_id":"bf15c807-0f12-438e-97df-a32af3131943"}
{"card_id":"CARD_46ff153a","card_num":"676114202424","is_consent":true,"card_name":"JCB 15 digit","card_member":"1","card_type":"01","org_code":"KB_BANK","user_id":"bf15c807-0f12-438e-97df-a32af3131943"}
{"card_id":"CARD_f292d9a0","card_num":"630410782704","is_consent":true,"card_name":"VISA 19 digit","card_member":"1","card_type":"02","org_code":"IBK","user_id":"e6ce1b2d-703a-46a7-b4bf-92f2005ccb39"}
{"card_id":"CARD_06e4fb1a","card_num":"4570211064181","is_consent":true,"card_name":"Maestro","card_member":"1","card_type":"01","org_code":"BC","user_id":"e6ce1b2d-703a-46a7-b4bf-92f2005ccb39"}
{"card_id":"CARD_4e98bff7","card_num":"4091475764465","is_consent":true,"card_name":"VISA 16 digit","card_member":"1","card_type":"01","org_code":"SC","user_id":"6f088501-43f5-4c0c-ba3f-feda5e155a8c"}
{"card_id":"CARD_1bb40419","card_num":"4704374733098","is_consent":true,"card_name":"American Express","card_member":"1","card_type":"01","org_code":"KB_CARD","user_id":"1c8f10bc-98ea-4e1a-b906-f628485bcdb5"}
{"card_id":"CARD_5076607b","card_num":"3558980676902854","is_consent":true,"card_name":"American Express","card_member":"1","card_type":"02","org_code":"SHINHAN_BANK","user_id":"1c8f10bc-98ea-4e1a-b906-f628485bcdb5"}
{"card_id":"CARD_0fbc2497","card_num":"3543083638971139","is_consent":true,"card_name":"JCB 16 digit","card_member":"1","card_type":"02","org_code":"MIRAE","user_id":"1c8f10bc-98ea-4e1a-b906-f628485bcdb5"}
{"card_id":"CARD_a63c1d3a","card_num":"3518467496287921","is_consent":true,"card_name":"VISA 13 digit","card_member":"1","card_type":"01","org_code":"BC","user_id":"1c8f10bc-98ea-4e1a-b906-f628485bcdb5"}
{"card_id":"CARD_2bba5955","card_num":"180044050195502","is_consent":true,"card_name":"Mastercard","card_member":"1","card_type":"02","org_code":"LOTTE","user_id":"1c8f10bc-98ea-4e1a-b906-f628485bcdb5"}
{"card_id":"CARD_91c406dc","card_num":"4942446552717603","is_consent":true,"card_name":"Maestro","card_member":"1","card_type":"01","org_code":"HANA_CARD","user_id":"1c8f10bc-98ea-4e1a-b906-f628485bcdb5"}
{"card_id":"CARD_bf5ae82a","card_num":"3516120874283309","is_consent":true,"card_name":"Maestro","card_member":"1","card_type":"02","org_code":"KAKAO","user_id":"82494079-760c-40ce-b5a7-2c25070accb4"}
{"card_id":"CARD_80e04b6d","card_num":"6011505608430759","is_consent":true,"card_name":"VISA 13 digit","card_member":"1","card_type":"01","org_code":"SAMSUNG","user_id":"7175b183-1791-494e-8877-ca78d8f7ebc4"}
{"card_id":"CARD_5e9cfe89","card_num":"4791964073763396125","is_consent":true,"card_name":"JCB 16 digit","card_member":"1","card_type":"02","org_code":"KB_CARD","user_id":"7175b183-1791-494e-8877-ca78d8f7ebc4"}
{"card_id":"CARD_1535c37d","card_num":"38680889167206","is_consent":true,"card_name":"VISA 19 digit","card_member":"1","card_type":"01","org_code":"KB_BANK","user_id":"7175b183-1791-494e-8877-ca78d8f7ebc4"}
{"card_id":"CARD_31e0c4c6","card_num":"4571030848722862","is_consent":true,"card_name":"JCB 16 digit","card_member":"1","card_type":"01","org_code":"NONGHYUP","user_id":"4e756d4b-38e9-47f0-8306-135c239abb35"}
{"card_id":"CARD_5b6f0068","card_num":"3562236709963619","is_consent":true,"card_name":"Maestro","card_member":"1","card_type":"01","org_code":"NONGHYUP","user_id":"4e756d4b-38e9-47f0-8306-135c239abb35"}
{"card_id":"CARD_3fa1cefc","card_num":"376403634253738","is_consent":true,"card_name":"Diners Club / Carte Blanche","card_member":"1","card_type":"02","org_code":"WOORI","user_id":"4e756d4b-38e9-47f0-8306-135c239abb35"}
{"card_id":"CARD_b019ba75","card_num":"4400361134422074","is_consent":true,"card_name":"Maestro","card_member":"1","card_type":"02","org_code":"WOORI","user_id":"4e756d4b-38e9-47f0-8306-135c239abb35"}
{"card_id":"CARD_b857477a","card_num":"36298759735408","is_consent":true,"card_name":"JCB 15 digit","card_member":"1","card_type":"01","org_code":"KB_CARD","user_id":"4e756d4b-38e9-47f0-8306-135c239abb35"}
{"card_id":"CARD_aacacf6f","card_num":"4056482895114317","is_consent":true,"card_name":"VISA 19 digit","card_member":"1","card_type":"01","org_code":"IBK","user_id":"4e756d4b-38e9-47f0-8306-135c239abb35"}
{"card_id":"CARD_e3980975","card_num":"501806299670","is_consent":true,"card_name":"VISA 19 digit","card_member":"1","card_type":"01","org_code":"KB_CARD","user_id":"354ea9ad-1bac-4d68-9a99-f43821a47875"}
{"card_id":"CARD_240e6e86","card_num":"4725743998344","is_consent":true,"card_name":"JCB 16 digit","card_member":"1","card_type":"01","org_code":"WOORI","user_id":"354ea9ad-1bac-4d68-9a99-f43821a47875"}
{"card_id":"CARD_734e76ae","card_num":"4086429465797","is_consent":true,"card_name":"JCB 16 digit","card_member":"1","card_type":"01","org_code":"SHINHAN_BANK","user_id":"354ea9ad-1bac-4d68-9a99-f43821a47875"}
{"card_id":"CARD_d8be25cb","card_num":"4018634082326062650","is_consent":true,"card_name":"Maestro","card_member":"1","card_type":"01","org_code":"NONGHYUP","user_id":"354ea9ad-1bac-4d68-9a99-f43821a47875"}
{"card_id":"CARD_fca97a7a","card_num":"4234812925601","is_consent":true,"card_name":"Maestro","card_member":"1","card_type":"01","org_code":"BC","user_id":"1e5e203c-b3e5-46c6-b840-aff89ac15774"}
{"card_id":"CARD_d28ac7d9","card_num":"36508413910001","is_consent":true,"card_name":"JCB 16 digit","card_member":"1","card_type":"01","org_code":"KB_BANK","user_id":"1e5e203c-b3e5-46c6-b840-aff89ac15774"}
{"card_id":"CARD_d842ac14","card_num":"348472928958992","is_consent":true,"card_name":"JCB 16 digit","card_member":"1","card_type":"01","org_code":"SHINHAN_BANK","user_id":"1e5e203c-b3e5-46c6-b840-aff89ac15774"}
{"card_id":"CARD_28ae3882","card_num":"4659037375754","is_consent":true,"card_name":"VISA 19 digit","card_member":"1","card_type":"01","org_code":"HYUNDAI","user_id":"1e5e203c-b3e5-46c6-b840-aff89ac15774"}
{"card_id":"CARD_b89298c2","card_num":"213121161829996","is_consent":true,"card_name":"JCB 15 digit","card_member":"1","card_type":"02","org_code":"HANA_BANK","user_id":"b3989462-daaf-40ed-9e09-867ca211fb94"}
{"card_id":"CARD_e1d97079","card_num":"6533586539041112","is_consent":true,"card_name":"Mastercard","card_member":"1","card_type":"01","org_code":"WOORI","user_id":"b3989462-daaf-40ed-9e09-867ca211fb94"}
{"card_id":"CARD_96c91f65","card_num":"4467368938475","is_consent":true,"card_name":"Discover","card_member":"1","card_type":"02","org_code":"HYUNDAI","user_id":"b3989462-daaf-40ed-9e09-867ca211fb94"}
{"card_id":"CARD_22d327d7","card_num":"6011547897972943","is_consent":true,"card_name":"VISA 16 digit","card_member":"1","card_type":"01","org_code":"MIRAE","user_id":"b3989462-daaf-40ed-9e09-867ca211fb94"}
{"card_id":"CARD_7ca08300","card_num":"581282721777","is_consent":true,"card_name":"American Express","card_member":"1","card_type":"01","org_code":"KAKAO","user_id":"b3989462-daaf-40ed-9e09-867ca211fb94"}
{"card_id":"CARD_bae3c002","card_num":"3538562044413577","is_consent":true,"card_name":"Mastercard","card_member":"1","card_type":"02","org_code":"KB_CARD","user_id":"cd5bf22d-c841-407c-be96-b333eb8a8ee5"}
{"card_id":"CARD_151ccbd6","card_num":"30363475406860","is_consent":true,"card_name":"VISA 19 digit","card_member":"1","card_type":"02","org_code":"KAKAO","user_id":"cd5bf22d-c841-407c-be96-b333eb8a8ee5"}
{"card_id":"CARD_9262be36","card_num":"503884751333","is_consent":true,"card_name":"Mastercard","card_member":"1","card_type":"02","org_code":"HYUNDAI","user_id":"cd5bf22d-c841-407c-be96-b333eb8a8ee5"}
{"card_id":"CARD_d602f5fe","card_num":"2288599472416874","is_consent":true,"card_name":"Diners Club / Carte Blanche","card_member":"1","card_type":"02","org_code":"IBK","user_id":"cd5bf22d-c841-407c-be96-b333eb8a8ee5"}
{"card_id":"CARD_6a9100f5","card_num":"6570698566687172","is_consent":true,"card_name":"VISA 19 digit","card_member":"1","card_type":"02","org_code":"KB_CARD","user_id":"cd5bf22d-c841-407c-be96-b333eb8a8ee5"}
{"card_id":"CARD_a3cae980","card_num":"6530256969686678","is_consent":true,"card_name":"Discover","card_member":"1","card_type":"02","org_code":"HANA_CARD","user_id":"cd5bf22d-c841-407c-be96-b333eb8a8ee5"}
{"card_id":"CARD_da4b31d2","card_num":"3573820086879857","is_consent":true,"card_name":"JCB 15 digit","card_member":"1","card_type":"02","org_code":"WOORI_CARD","user_id":"a4dbbd9b-7c14-4a58-8071-73e8afa45513"}
{"card_id":"CARD_ceeae2c3","card_num":"2700663376818740","is_consent":true,"card_name":"VISA 19 digit","card_member":"1","card_type":"01","org_code":"LOTTE","user_id":"4a32d75c-ba3c-4142-9399-4dc442883828"}
{"card_id":"CARD_8c96600a","card_num":"4775908566782","is_consent":true,"card_name":"JCB 15 digit","card_member":"1","card_type":"01","org_code":"IBK","user_id":"4a32d75c-ba3c-4142-9399-4dc442883828"}
{"card_id":"CARD_cbd519f6","card_num":"060402827095","is_consent":true,"card_name":"VISA 19 digit","card_member":"1","card_type":"01","org_code":"KAKAO","user_id":"4a32d75c-ba3c-4142-9399-4dc442883828"}
{"card_id":"CARD_a5420c89","card_num":"30168188827272","is_consent":true,"card_name":"VISA 16 digit","card_member":"1","card_type":"01","org_code":"SHINHAN_CARD","user_id":"4a32d75c-ba3c-4142-9399-4dc442883828"}
{"card_id":"CARD_64dc356c","card_num":"6011285539745654","is_consent":true,"card_name":"JCB 15 digit","card_member":"1","card_type":"01","org_code":"KAKAO","user_id":"4a32d75c-ba3c-4142-9399-4dc442883828"}
{"card_id":"CARD_ce9b5ecf","card_num":"3541392509753803","is_consent":true,"card_name":"VISA 19 digit","card_member":"1","card_type":"01","org_code":"HANA_CARD","user_id":"4a32d75c-ba3c-4142-9399-4dc442883828"}
{"card_id":"CARD_4dce0493","card_num":"4664285678735","is_consent":true,"card_name":"VISA 16 digit","card_member":"1","card_type":"01","org_code":"IBK","user_id":"4a32d75c-ba3c-4142-9399-4dc442883828"}
{"card_id":"CARD_5f6593d5","card_num":"4373832179783490","is_consent":true,"card_name":"Diners Club / Carte Blanche","card_member":"1","card_type":"02","org_code":"KB_BANK","user_id":"c9fa35f0-4a2e-4183-88e1-9e3d8bf8ee7e"}
{"card_id":"CARD_a727cf6b","card_num":"3529776093716901","is_consent":true,"card_name":"JCB 16 digit","card_member":"1","card_type":"02","org_code":"SHINHAN_CARD","user_id":"13449147-bceb-4173-a2a1-2ed5f849bcd0"}
{"card_id":"CARD_1f4ef85b","card_num":"3502764225177664","is_consent":true,"card_name":"Diners Club / Carte Blanche","card_member":"1","card_type":"01","org_code":"KB_BANK","user_id":"13449147-bceb-4173-a2a1-2ed5f849bcd0"}
{"card_id":"CARD_d9f8ad9c","card_num":"30455226761724","is_consent":true,"card_name":"American Express","card_member":"1","card_type":"02","org_code":"NONGHYUP","user_id":"13449147-bceb-4173-a2a1-2ed5f849bcd0"}
{"card_id":"CARD_b22ea667","card_num":"213135160248685","is_consent":true,"card_name":"JCB 15 digit","card_member":"1","card_type":"02","org_code":"BC","user_id":"13449147-bceb-4173-a2a1-2ed5f849bcd0"}
{"card_id":"CARD_62c93aec","card_num":"6545996303978819","is_consent":true,"card_name":"JCB 16 digit","card_member":"1","card_type":"01","org_code":"BC","user_id":"13449147-bceb-4173-a2a1-2ed5f849bcd0"}
{"card_id":"CARD_b0c30b4f","card_num":"344043823498519","is_consent":true,"card_name":"VISA 13 digit","card_member":"1","card_type":"01","org_code":"WOORI","user_id":"13449147-bceb-4173-a2a1-2ed5f849bcd0"}
{"card_id":"CARD_0afeb625","card_num":"6011802477307352","is_consent":true,"card_name":"JCB 16 digit","card_member":"1","card_type":"01","org_code":"LOTTE","user_id":"f999e2c0-70dd-47e1-82ce-5ec248cf2940"}
{"card_id":"CARD_646bba4d","card_num":"4927828265413798942","is_consent":true,"card_name":"VISA 19 digit","card_member":"1","card_type":"02","org_code":"KB_BANK","user_id":"f999e2c0-70dd-47e1-82ce-5ec248cf2940"}
{"card_id":"CARD_5c22978d","card_num":"36895304016687","is_consent":true,"card_name":"Maestro","card_member":"1","card_type":"01","org_code":"SAMSUNG","user_id":"f999e2c0-70dd-47e1-82ce-5ec248cf2940"}
{"card_id":"CARD_85c27371","card_num":"4744935121824363702","is_consent":true,"card_name":"JCB 16 digit","card_member":"1","card_type":"01","org_code":"HYUNDAI","user_id":"f999e2c0-70dd-47e1-82ce-5ec248cf2940"}
{"card_id":"CARD_9d3a55b6","card_num":"4802988964330466","is_consent":true,"card_name":"JCB 16 digit","card_member":"1","card_type":"02","org_code":"HYUNDAI","user_id":"f999e2c0-70dd-47e1-82ce-5ec248cf2940"}
{"card_id":"CARD_1595e8e5","card_num":"6574556564826497","is_consent":true,"card_name":"VISA 16 digit","card_member":"1","card_type":"01","org_code":"MIRAE","user_id":"f999e2c0-70dd-47e1-82ce-5ec248cf2940"}
{"card_id":"CARD_2b541e10","card_num":"343199747002893","is_consent":true,"card_name":"American Express","card_member":"1","card_type":"01","org_code":"KB_CARD","user_id":"e2290775-689b-4b62-beb3-daf2b6a8f5ab"}
{"card_id":"CARD_2e1bf373","card_num":"4000636843936","is_consent":true,"card_name":"JCB 16 digit","card_member":"1","card_type":"02","org_code":"WOORI","user_id":"e2290775-689b-4b62-beb3-daf2b6a8f5ab"}
{"card_id":"CARD_6093b390","card_num":"30203112150135","is_consent":true,"card_name":"VISA 16 digit","card_member":"1","card_type":"02","org_code":"NONGHYUP","user_id":"e2290775-689b-4b62-beb3-daf2b6a8f5ab"}
{"card_id":"CARD_8db4ce4e","card_num":"4413715289505550","is_consent":true,"card_name":"Diners Club / Carte Blanche","card_member":"1","card_type":"02","org_code":"KB_CARD","user_id":"e2290775-689b-4b62-beb3-daf2b6a8f5ab"}
{"card_id":"CARD_3234a0f2","card_num":"4448874440103230098","is_consent":true,"card_name":"VISA 13 digit","card_member":"1","card_type":"01","org_code":"SHINHAN_BANK","user_id":"e2290775-689b-4b62-beb3-daf2b6a8f5ab"}
{"card_id":"CARD_dc61b321","card_num":"3533396075522252","is_consent":true,"card_name":"VISA 13 digit","card_member":"1","card_type":"01","org_code":"WOORI","user_id":"e2290775-689b-4b62-beb3-daf2b6a8f5ab"}
{"card_id":"CARD_5b17178e","card_num":"180048704399014","is_consent":true,"card_name":"JCB 16 digit","card_member":"1","card_type":"01","org_code":"IBK","user_id":"247bb13b-db00-4e3f-8a11-36b2094cb672"}
{"card_id":"CARD_c7438d4c","card_num":"2252750321674856","is_consent":true,"card_name":"Maestro","card_member":"1","card_type":"02","org_code":"IBK","user_id":"123232cc-843e-4bfd-8358-127de72c0a02"}
{"card_id":"CARD_6c982076","card_num":"5488778616772506","is_consent":true,"card_name":"VISA 19 digit","card_member":"1","card_type":"01","org_code":"KAKAO","user_id":"278e3bc5-3c07-4bc4-a89c-385020c5fb81"}
{"card_id":"CARD_e3cdecca","card_num":"4692458845502686","is_consent":true,"card_name":"Mastercard","card_member":"1","card_type":"02","org_code":"SHINHAN_BANK","user_id":"278e3bc5-3c07-4bc4-a89c-385020c5fb81"}
{"card_id":"CARD_809ad1d4","card_num":"571808638365","is_consent":true,"card_name":"JCB 16 digit","card_member":"1","card_type":"02","org_code":"BC","user_id":"278e3bc5-3c07-4bc4-a89c-385020c5fb81"}
{"card_id":"CARD_e82f933e","card_num":"4673306261988265798","is_consent":true,"card_name":"Discover","card_member":"1","card_type":"01","org_code":"KAKAO","user_id":"278e3bc5-3c07-4bc4-a89c-385020c5fb81"}
{"card_id":"CARD_4f98ecce","card_num":"340278217487975","is_consent":true,"card_name":"JCB 16 digit","card_member":"1","card_type":"02","org_code":"SAMSUNG","user_id":"278e3bc5-3c07-4bc4-a89c-385020c5fb81"}
{"card_id":"CARD_873de3cb","card_num":"2420847936066721","is_consent":true,"card_name":"JCB 16 digit","card_member":"1","card_type":"01","org_code":"SHINHAN_CARD","user_id":"278e3bc5-3c07-4bc4-a89c-385020c5fb81"}
{"card_id":"CARD_e403048a","card_num":"4349037715638122","is_consent":true,"card_name":"Discover","card_member":"1","card_type":"01","org_code":"LOTTE","user_id":"278e3bc5-3c07-4bc4-a89c-385020c5fb81"}
{"card_id":"CARD_ff9b7e88","card_num":"30530711016667","is_consent":true,"card_name":"American Express","card_member":"1","card_type":"01","org_code":"NONGHYUP","user_id":"bd0f71ef-06a0-435a-a51e-1465cc2f7e8c"}
{"card_id":"CARD_8e921ade","card_num":"3580422228522718","is_consent":true,"card_name":"VISA 13 digit","card_member":"1","card_type":"01","org_code":"NONGHYUP","user_id":"bd0f71ef-06a0-435a-a51e-1465cc2f7e8c"}
{"card_id":"CARD_f8ab755b","card_num":"3518392842542631","is_consent":true,"card_name":"VISA 13 digit","card_member":"1","card_type":"02","org_code":"NONGHYUP","user_id":"bcbc90f5-0974-4c0a-a52e-3d5ec6867eb1"}
{"card_id":"CARD_badbcd4b","card_num":"30051335347529","is_consent":true,"card_name":"JCB 16 digit","card_member":"1","card_type":"01","org_code":"SAMSUNG","user_id":"bcbc90f5-0974-4c0a-a52e-3d5ec6867eb1"}
{"card_id":"CARD_9bf662bd","card_num":"4772303393821","is_consent":true,"card_name":"JCB 15 digit","card_member":"1","card_type":"01","org_code":"KAKAO","user_id":"bcbc90f5-0974-4c0a-a52e-3d5ec6867eb1"}
{"card_id":"CARD_794c219e","card_num":"378506964082986","is_consent":true,"card_name":"VISA 16 digit","card_member":"1","card_type":"02","org_code":"HYUNDAI","user_id":"bcbc90f5-0974-4c0a-a52e-3d5ec6867eb1"}
{"card_id":"CARD_2120bd5e","card_num":"30496025915475","is_consent":true,"card_name":"American Express","card_member":"1","card_type":"02","org_code":"KB_CARD","user_id":"bcbc90f5-0974-4c0a-a52e-3d5ec6867eb1"}
{"card_id":"CARD_32319e63","card_num":"3501254647490938","is_consent":true,"card_name":"VISA 19 digit","card_member":"1","card_type":"01","org_code":"IBK","user_id":"bb02aa1e-6347-4059-860f-bc1ad671dcc3"}
{"card_id":"CARD_ff5bc214","card_num":"6521599563120748","is_consent":true,"card_name":"Discover","card_member":"1","card_type":"01","org_code":"BC","user_id":"bb02aa1e-6347-4059-860f-bc1ad671dcc3"}
{"card_id":"CARD_1195a84e","card_num":"4255487193977","is_consent":true,"card_name":"Maestro","card_member":"1","card_type":"02","org_code":"HANA_BANK","user_id":"bb02aa1e-6347-4059-860f-bc1ad671dcc3"}
{"card_id":"CARD_e82b6c82","card_num":"6011493308295832","is_consent":true,"card_name":"Discover","card_member":"1","card_type":"01","org_code":"POST","user_id":"b97a3121-e53a-47bf-84fb-635c8437f38c"}
{"card_id":"CARD_30813c4f","card_num":"3597046115520500","is_consent":true,"card_name":"JCB 15 digit","card_member":"1","card_type":"01","org_code":"NONGHYUP","user_id":"b97a3121-e53a-47bf-84fb-635c8437f38c"}
{"card_id":"CARD_5153b776","card_num":"38386856694624","is_consent":true,"card_name":"Diners Club / Carte Blanche","card_member":"1","card_type":"01","org_code":"MIRAE","user_id":"b97a3121-e53a-47bf-84fb-635c8437f38c"}
{"card_id":"CARD_d8376437","card_num":"675981683096","is_consent":true,"card_name":"JCB 15 digit","card_member":"1","card_type":"01","org_code":"NONGHYUP","user_id":"8123ebbf-9810-4260-900f-5111f72b33eb"}
{"card_id":"CARD_115fa577","card_num":"503805599621","is_consent":true,"card_name":"JCB 15 digit","card_member":"1","card_type":"01","org_code":"MIRAE","user_id":"8123ebbf-9810-4260-900f-5111f72b33eb"}
{"card_id":"CARD_5b0f6784","card_num":"4263114503050687","is_consent":true,"card_name":"VISA 19 digit","card_member":"1","card_type":"01","org_code":"KAKAO","user_id":"8123ebbf-9810-4260-900f-5111f72b33eb"}
{"card_id":"CARD_e3231957","card_num":"213144088329619","is_consent":true,"card_name":"American Express","card_member":"1","card_type":"02","org_code":"SHINHAN_CARD","user_id":"8123ebbf-9810-4260-900f-5111f72b33eb"}
{"card_id":"CARD_e9a80fd1","card_num":"3598990981567740","is_consent":true,"card_name":"Discover","card_member":"1","card_type":"01","org_code":"LOTTE","user_id":"55ea5efd-553e-4934-b10b-bbfac77211b2"}
{"card_id":"CARD_91451e23","card_num":"4984324713834","is_consent":true,"card_name":"JCB 16 digit","card_member":"1","card_type":"02","org_code":"WOORI_CARD","user_id":"55ea5efd-553e-4934-b10b-bbfac77211b2"}
{"card_id":"CARD_70f29a82","card_num":"676331077229","is_consent":true,"card_name":"JCB 16 digit","card_member":"1","card_type":"02","org_code":"POST","user_id":"55ea5efd-553e-4934-b10b-bbfac77211b2"}
{"card_id":"CARD_3ea54a5a","card_num":"060469300648","is_consent":true,"card_name":"Diners Club / Carte Blanche","card_member":"1","card_type":"01","org_code":"WOORI","user_id":"55ea5efd-553e-4934-b10b-bbfac77211b2"}
{"card_id":"CARD_53a43e9a","card_num":"4782023137044","is_consent":true,"card_name":"JCB 15 digit","card_member":"1","card_type":"02","org_code":"WOORI_CARD","user_id":"55ea5efd-553e-4934-b10b-bbfac77211b2"}
{"card_id":"CARD_ea14e3c8","card_num":"4142033506901224","is_consent":true,"card_name":"Maestro","card_member":"1","card_type":"01","org_code":"POST","user_id":"85cc7759-91c0-41fe-8a6b-5e84675c592a"}
{"card_id":"CARD_669bf698","card_num":"30193270558320","is_consent":true,"card_name":"Discover","card_member":"1","card_type":"01","org_code":"NONGHYUP","user_id":"85cc7759-91c0-41fe-8a6b-5e84675c592a"}
{"card_id":"CARD_aae106e3","card_num":"2232334580366325","is_consent":true,"card_name":"Discover","card_member":"1","card_type":"02","org_code":"KAKAO","user_id":"8dcecbde-53d9-4f48-86a4-759edbe4634c"}
{"card_id":"CARD_da1ab3c2","card_num":"676220842287","is_consent":true,"card_name":"Diners Club / Carte Blanche","card_member":"1","card_type":"01","org_code":"SHINHAN_BANK","user_id":"8dcecbde-53d9-4f48-86a4-759edbe4634c"}
{"card_id":"CARD_f56aff51","card_num":"4697995184297","is_consent":true,"card_name":"JCB 16 digit","card_member":"1","card_type":"02","org_code":"LOTTE","user_id":"8dcecbde-53d9-4f48-86a4-759edbe4634c"}
{"card_id":"CARD_d9b4dd87","card_num":"378597918503284","is_consent":true,"card_name":"JCB 16 digit","card_member":"1","card_type":"01","org_code":"POST","user_id":"8dcecbde-53d9-4f48-86a4-759edbe4634c"}
{"card_id":"CARD_5f878792","card_num":"180068262322273","is_consent":true,"card_name":"Diners Club / Carte Blanche","card_member":"1","card_type":"02","org_code":"SHINHAN_BANK","user_id":"8dcecbde-53d9-4f48-86a4-759edbe4634c"}
{"card_id":"CARD_5c280a2a","card_num":"4687450661892157","is_consent":true,"card_name":"American Express","card_member":"1","card_type":"01","org_code":"HANA_BANK","user_id":"8dcecbde-53d9-4f48-86a4-759edbe4634c"}
{"card_id":"CARD_4baa5d8d","card_num":"676214507649","is_consent":true,"card_name":"JCB 15 digit","card_member":"1","card_type":"02","org_code":"NONGHYUP","user_id":"8a034a63-589a-41b6-b9fb-116c22a1dfa6"}
{"card_id":"CARD_8f352a08","card_num":"4531310384273735004","is_consent":true,"card_name":"Discover","card_member":"1","card_type":"01","org_code":"KAKAO","user_id":"8a034a63-589a-41b6-b9fb-116c22a1dfa6"}
{"card_id":"CARD_0aa3645e","card_num":"371576782308266","is_consent":true,"card_name":"Maestro","card_member":"1","card_type":"02","org_code":"NONGHYUP","user_id":"8a034a63-589a-41b6-b9fb-116c22a1dfa6"}
{"card_id":"CARD_22d84e6a","card_num":"503811290090","is_consent":true,"card_name":"American Express","card_member":"1","card_type":"02","org_code":"HANA_BANK","user_id":"8a034a63-589a-41b6-b9fb-116c22a1dfa6"}
{"card_id":"CARD_008edf16","card_num":"2704323567348686","is_consent":true,"card_name":"Maestro","card_member":"1","card_type":"02","org_code":"SHINHAN_BANK","user_id":"8a034a63-589a-41b6-b9fb-116c22a1dfa6"}
{"card_id":"CARD_39166594","card_num":"30452672089668","is_consent":true,"card_name":"JCB 15 digit","card_member":"1","card_type":"02","org_code":"SHINHAN_CARD","user_id":"b78b9620-0321-4ce3-a29c-59f68ea67791"}
{"card_id":"CARD_4f50116d","card_num":"6517083950736768","is_consent":true,"card_name":"VISA 16 digit","card_member":"1","card_type":"01","org_code":"NONGHYUP","user_id":"b78b9620-0321-4ce3-a29c-59f68ea67791"}
{"card_id":"CARD_b0a3156d","card_num":"180051255529880","is_consent":true,"card_name":"Discover","card_member":"1","card_type":"01","org_code":"SC","user_id":"813f9533-017d-454c-bc1d-08f6bb62c677"}
{"card_id":"CARD_4655dbff","card_num":"3585885456533265","is_consent":true,"card_name":"VISA 13 digit","card_member":"1","card_type":"02","org_code":"POST","user_id":"8aacba8f-a75e-4183-bf4f-b290edb4c9b0"}
{"card_id":"CARD_2729973a","card_num":"30213894869364","is_consent":true,"card_name":"JCB 16 digit","card_member":"1","card_type":"02","org_code":"BC","user_id":"8aacba8f-a75e-4183-bf4f-b290edb4c9b0"}
{"card_id":"CARD_870c6101","card_num":"4060670820448396","is_consent":true,"card_name":"American Express","card_member":"1","card_type":"02","org_code":"WOORI_CARD","user_id":"8aacba8f-a75e-4183-bf4f-b290edb4c9b0"}
{"card_id":"CARD_bb6ee093","card_num":"30114800831185","is_consent":true,"card_name":"American Express","card_member":"1","card_type":"01","org_code":"SHINHAN_BANK","user_id":"52b8318c-e218-4cad-b8d7-6f9548278c2c"}
{"card_id":"CARD_efd9a593","card_num":"374255743718999","is_consent":true,"card_name":"JCB 15 digit","card_member":"1","card_type":"01","org_code":"IBK","user_id":"52b8318c-e218-4cad-b8d7-6f9548278c2c"}
{"card_id":"CARD_0255c090","card_num":"213161553876296","is_consent":true,"card_name":"VISA 16 digit","card_member":"1","card_type":"02","org_code":"WOORI","user_id":"52b8318c-e218-4cad-b8d7-6f9548278c2c"}
{"card_id":"CARD_57e76377","card_num":"630462877329","is_consent":true,"card_name":"JCB 16 digit","card_member":"1","card_type":"01","org_code":"KB_CARD","user_id":"52b8318c-e218-4cad-b8d7-6f9548278c2c"}
{"card_id":"CARD_c3fb2d52","card_num":"345350461636865","is_consent":true,"card_name":"Diners Club / Carte Blanche","card_member":"1","card_type":"02","org_code":"SAMSUNG","user_id":"52b8318c-e218-4cad-b8d7-6f9548278c2c"}
{"card_id":"CARD_2d79e4b3","card_num":"4017532841473806168","is_consent":true,"card_name":"American Express","card_member":"1","card_type":"01","org_code":"SHINHAN_BANK","user_id":"e74f0f27-8843-4b2a-a8ed-bc0d445e6cde"}
{"card_id":"CARD_9de447bc","card_num":"213130769002088","is_consent":true,"card_name":"VISA 19 digit","card_member":"1","card_type":"01","org_code":"HANA_CARD","user_id":"bae531b2-f9a5-466c-9bf2-525e4b5e9de2"}
{"card_id":"CARD_cea8a1bb","card_num":"3570966159903950","is_consent":true,"card_name":"JCB 15 digit","card_member":"1","card_type":"02","org_code":"LOTTE","user_id":"bae531b2-f9a5-466c-9bf2-525e4b5e9de2"}
{"card_id":"CARD_4da8ab99","card_num":"4079681819692216","is_consent":true,"card_name":"Diners Club / Carte Blanche","card_member":"1","card_type":"02","org_code":"HANA_BANK","user_id":"c34d78c0-299d-49c6-9a94-eec0b8eb7125"}
{"card_id":"CARD_1b36b85d","card_num":"341437298722986","is_consent":true,"card_name":"Diners Club / Carte Blanche","card_member":"1","card_type":"01","org_code":"KB_CARD","user_id":"c34d78c0-299d-49c6-9a94-eec0b8eb7125"}
{"card_id":"CARD_4f591f5e","card_num":"38849922841339","is_consent":true,"card_name":"JCB 16 digit","card_member":"1","card_type":"02","org_code":"SAMSUNG","user_id":"c34d78c0-299d-49c6-9a94-eec0b8eb7125"}
{"card_id":"CARD_3d0ad1fd","card_num":"347512567189481","is_consent":true,"card_name":"Discover","card_member":"1","card_type":"02","org_code":"SC","user_id":"c34d78c0-299d-49c6-9a94-eec0b8eb7125"}
{"card_id":"CARD_0f1f08f7","card_num":"3501227702186377","is_consent":true,"card_name":"Mastercard","card_member":"1","card_type":"01","org_code":"LOTTE","user_id":"c34d78c0-299d-49c6-9a94-eec0b8eb7125"}
{"card_id":"CARD_cc5d0994","card_num":"180055331119129","is_consent":true,"card_name":"VISA 13 digit","card_member":"1","card_type":"01","org_code":"SAMSUNG","user_id":"c34d78c0-299d-49c6-9a94-eec0b8eb7125"}
{"card_id":"CARD_83d1cb82","card_num":"4491393744932460848","is_consent":true,"card_name":"Maestro","card_member":"1","card_type":"02","org_code":"KAKAO","user_id":"c34d78c0-299d-49c6-9a94-eec0b8eb7125"}
{"card_id":"CARD_d02897b5","card_num":"502019878896","is_consent":true,"card_name":"VISA 16 digit","card_member":"1","card_type":"02","org_code":"MIRAE","user_id":"57f77444-cda9-45b0-ac4d-950bc436080d"}
{"card_id":"CARD_9825fb0b","card_num":"630494950425","is_consent":true,"card_name":"Discover","card_member":"1","card_type":"01","org_code":"SHINHAN_BANK","user_id":"57f77444-cda9-45b0-ac4d-950bc436080d"}
{"card_id":"CARD_b937f1c5","card_num":"6011436271066292","is_consent":true,"card_name":"VISA 16 digit","card_member":"1","card_type":"02","org_code":"SHINHAN_CARD","user_id":"bae471c6-a75a-49d5-af6e-638b289449b4"}
{"card_id":"CARD_ba220bb1","card_num":"4319914270500051","is_consent":true,"card_name":"JCB 16 digit","card_member":"1","card_type":"01","org_code":"HANA_CARD","user_id":"bae471c6-a75a-49d5-af6e-638b289449b4"}
{"card_id":"CARD_d92bb935","card_num":"4113012081736200","is_consent":true,"card_name":"VISA 16 digit","card_member":"1","card_type":"02","org_code":"WOORI","user_id":"6bd58298-ce11-4cde-b8b7-9117cf04d91a"}
{"card_id":"CARD_691c53c0","card_num":"4850142565864","is_consent":true,"card_name":"Maestro","card_member":"1","card_type":"02","org_code":"IBK","user_id":"6bd58298-ce11-4cde-b8b7-9117cf04d91a"}
{"card_id":"CARD_819f16c1","card_num":"4674875087254","is_consent":true,"card_name":"Mastercard","card_member":"1","card_type":"02","org_code":"LOTTE","user_id":"6bd58298-ce11-4cde-b8b7-9117cf04d91a"}
{"card_id":"CARD_f260c923","card_num":"3582816072256489","is_consent":true,"card_name":"VISA 16 digit","card_member":"1","card_type":"01","org_code":"WOORI","user_id":"6bd58298-ce11-4cde-b8b7-9117cf04d91a"}
{"card_id":"CARD_81652f32","card_num":"3522582936945377","is_consent":true,"card_name":"Maestro","card_member":"1","card_type":"02","org_code":"BC","user_id":"6bd58298-ce11-4cde-b8b7-9117cf04d91a"}
{"card_id":"CARD_bfb46b61","card_num":"060422141295","is_consent":true,"card_name":"VISA 13 digit","card_member":"1","card_type":"01","org_code":"SHINHAN_CARD","user_id":"6bd58298-ce11-4cde-b8b7-9117cf04d91a"}
{"card_id":"CARD_3667e075","card_num":"4628546316947973","is_consent":true,"card_name":"VISA 16 digit","card_member":"1","card_type":"02","org_code":"HANA_CARD","user_id":"6bd58298-ce11-4cde-b8b7-9117cf04d91a"}
{"card_id":"CARD_03b9b426","card_num":"4303881227573317","is_consent":true,"card_name":"VISA 13 digit","card_member":"1","card_type":"02","org_code":"BC","user_id":"395dca6b-93fb-4b91-9f95-ec021dc25a77"}
{"card_id":"CARD_f477800b","card_num":"3595762900783937","is_consent":true,"card_name":"Diners Club / Carte Blanche","card_member":"1","card_type":"01","org_code":"IBK","user_id":"395dca6b-93fb-4b91-9f95-ec021dc25a77"}
{"card_id":"CARD_f2fe5403","card_num":"3590240518638459","is_consent":true,"card_name":"Mastercard","card_member":"1","card_type":"02","org_code":"WOORI","user_id":"405f513c-aa78-4558-9134-07e4ad7c99c6"}
{"card_id":"CARD_6910e8a0","card_num":"4538267462773","is_consent":true,"card_name":"American Express","card_member":"1","card_type":"01","org_code":"IBK","user_id":"405f513c-aa78-4558-9134-07e4ad7c99c6"}
{"card_id":"CARD_67e13257","card_num":"4482250852178292","is_consent":true,"card_name":"VISA 19 digit","card_member":"1","card_type":"02","org_code":"SC","user_id":"ba821730-9834-4055-ae51-eea1eee0fbca"}
{"card_id":"CARD_432bb705","card_num":"3567286560773115","is_consent":true,"card_name":"VISA 13 digit","card_member":"1","card_type":"02","org_code":"LOTTE","user_id":"ba821730-9834-4055-ae51-eea1eee0fbca"}
{"card_id":"CARD_165eadb5","card_num":"4573257435752","is_consent":true,"card_name":"VISA 13 digit","card_member":"1","card_type":"01","org_code":"KB_BANK","user_id":"ba821730-9834-4055-ae51-eea1eee0fbca"}
{"card_id":"CARD_1b0065ce","card_num":"4243020408384094","is_consent":true,"card_name":"VISA 13 digit","card_member":"1","card_type":"01","org_code":"SC","user_id":"ba821730-9834-4055-ae51-eea1eee0fbca"}
{"card_id":"CARD_8eae7f8e","card_num":"36816528238535","is_consent":true,"card_name":"JCB 15 digit","card_member":"1","card_type":"01","org_code":"NONGHYUP","user_id":"ba821730-9834-4055-ae51-eea1eee0fbca"}
{"card_id":"CARD_6897da50","card_num":"562742451130","is_consent":true,"card_name":"Maestro","card_member":"1","card_type":"01","org_code":"WOORI","user_id":"ba821730-9834-4055-ae51-eea1eee0fbca"}
{"card_id":"CARD_5a53b479","card_num":"4679253179664","is_consent":true,"card_name":"American Express","card_member":"1","card_type":"01","org_code":"MIRAE","user_id":"ba821730-9834-4055-ae51-eea1eee0fbca"}
{"card_id":"CARD_26e48fbf","card_num":"3515564487753565","is_consent":true,"card_name":"Discover","card_member":"1","card_type":"01","org_code":"SC","user_id":"4980426a-7aa7-475e-9a29-fab856154a3a"}
{"card_id":"CARD_fddda5bf","card_num":"4841045907177451792","is_consent":true,"card_name":"American Express","card_member":"1","card_type":"01","org_code":"WOORI","user_id":"acab86bf-7910-4e63-a48e-57324f245571"}
{"card_id":"CARD_10778a7d","card_num":"675948617799","is_consent":true,"card_name":"JCB 16 digit","card_member":"1","card_type":"01","org_code":"HANA_BANK","user_id":"acab86bf-7910-4e63-a48e-57324f245571"}
{"card_id":"CARD_6619dc6a","card_num":"587349379459","is_consent":true,"card_name":"Maestro","card_member":"1","card_type":"01","org_code":"KAKAO","user_id":"a3093330-a13d-4680-b2c3-b64418ebd247"}
{"card_id":"CARD_292857a6","card_num":"2253589433665736","is_consent":true,"card_name":"JCB 15 digit","card_member":"1","card_type":"01","org_code":"KB_CARD","user_id":"a3093330-a13d-4680-b2c3-b64418ebd247"}
{"card_id":"CARD_49cf912d","card_num":"4428910126888524","is_consent":true,"card_name":"JCB 16 digit","card_member":"1","card_type":"02","org_code":"NONGHYUP","user_id":"a3093330-a13d-4680-b2c3-b64418ebd247"}
{"card_id":"CARD_59be7fda","card_num":"30356105046353","is_consent":true,"card_name":"American Express","card_member":"1","card_type":"01","org_code":"POST","user_id":"a3093330-a13d-4680-b2c3-b64418ebd247"}
{"card_id":"CARD_b69eba03","card_num":"30434115240199","is_consent":true,"card_name":"VISA 16 digit","card_member":"1","card_type":"02","org_code":"WOORI","user_id":"a3093330-a13d-4680-b2c3-b64418ebd247"}
{"card_id":"CARD_9ad592fd","card_num":"639065272317","is_consent":true,"card_name":"VISA 16 digit","card_member":"1","card_type":"02","org_code":"IBK","user_id":"a3093330-a13d-4680-b2c3-b64418ebd247"}
{"card_id":"CARD_36880ec1","card_num":"060480552185","is_consent":true,"card_name":"Diners Club / Carte Blanche","card_member":"1","card_type":"01","org_code":"IBK","user_id":"88e14dc6-9f5b-4e4e-8615-301c3474dc56"}
{"card_id":"CARD_d00e18b1","card_num":"341698973302333","is_consent":true,"card_name":"JCB 15 digit","card_member":"1","card_type":"02","org_code":"MIRAE","user_id":"88e14dc6-9f5b-4e4e-8615-301c3474dc56"}
{"card_id":"CARD_449998d7","card_num":"213178152370059","is_consent":true,"card_name":"VISA 13 digit","card_member":"1","card_type":"02","org_code":"IBK","user_id":"88e14dc6-9f5b-4e4e-8615-301c3474dc56"}
{"card_id":"CARD_51c7d025","card_num":"4259601332120146582","is_consent":true,"card_name":"Maestro","card_member":"1","card_type":"02","org_code":"SHINHAN_CARD","user_id":"88e14dc6-9f5b-4e4e-8615-301c3474dc56"}
{"card_id":"CARD_2ccbe3d8","card_num":"342103278287619","is_consent":true,"card_name":"Discover","card_member":"1","card_type":"01","org_code":"KAKAO","user_id":"67753c92-9223-4f69-839f-56bb31d2263a"}
{"card_id":"CARD_6ef14d22","card_num":"4502677092317054005","is_consent":true,"card_name":"VISA 16 digit","card_member":"1","card_type":"01","org_code":"LOTTE","user_id":"67753c92-9223-4f69-839f-56bb31d2263a"}
{"card_id":"CARD_b32d92f3","card_num":"372973274906245","is_consent":true,"card_name":"Maestro","card_member":"1","card_type":"01","org_code":"IBK","user_id":"67753c92-9223-4f69-839f-56bb31d2263a"}
{"card_id":"CARD_ae312e5c","card_num":"6011798917429022","is_consent":true,"card_name":"VISA 13 digit","card_member":"1","card_type":"02","org_code":"KB_CARD","user_id":"67753c92-9223-4f69-839f-56bb31d2263a"}
{"card_id":"CARD_e3e18e52","card_num":"345480721312815","is_consent":true,"card_name":"Discover","card_member":"1","card_type":"01","org_code":"SHINHAN_CARD","user_id":"67753c92-9223-4f69-839f-56bb31d2263a"}
{"card_id":"CARD_259d87c8","card_num":"376238719867824","is_consent":true,"card_name":"VISA 19 digit","card_member":"1","card_type":"02","org_code":"HANA_BANK","user_id":"67753c92-9223-4f69-839f-56bb31d2263a"}
{"card_id":"CARD_9c1d31a4","card_num":"2638130850570038","is_consent":true,"card_name":"JCB 16 digit","card_member":"1","card_type":"01","org_code":"NONGHYUP","user_id":"84c8c706-63e9-46db-bfdb-71553ba82247"}
{"card_id":"CARD_f1dcf6cf","card_num":"676359504351","is_consent":true,"card_name":"Mastercard","card_member":"1","card_type":"01","org_code":"BC","user_id":"84c8c706-63e9-46db-bfdb-71553ba82247"}
{"card_id":"CARD_9b86551d","card_num":"373062826140534","is_consent":true,"card_name":"JCB 16 digit","card_member":"1","card_type":"01","org_code":"HANA_CARD","user_id":"84c8c706-63e9-46db-bfdb-71553ba82247"}
{"card_id":"CARD_420f8045","card_num":"3503713720791296","is_consent":true,"card_name":"VISA 16 digit","card_member":"1","card_type":"01","org_code":"BC","user_id":"84c8c706-63e9-46db-bfdb-71553ba82247"}
{"card_id":"CARD_d25a4d9a","card_num":"3547419127861314","is_consent":true,"card_name":"VISA 19 digit","card_member":"1","card_type":"01","org_code":"NONGHYUP","user_id":"53742f45-f14b-4904-8866-f2b3c1fa1139"}
{"card_id":"CARD_1b4fc18b","card_num":"213136755614075","is_consent":true,"card_name":"JCB 15 digit","card_member":"1","card_type":"01","org_code":"KAKAO","user_id":"53742f45-f14b-4904-8866-f2b3c1fa1139"}
{"card_id":"CARD_b8a85d11","card_num":"343294427104752","is_consent":true,"card_name":"Maestro","card_member":"1","card_type":"02","org_code":"SC","user_id":"53742f45-f14b-4904-8866-f2b3c1fa1139"}
{"card_id":"CARD_2b29a722","card_num":"180000839382977","is_consent":true,"card_name":"JCB 16 digit","card_member":"1","card_type":"02","org_code":"IBK","user_id":"53742f45-f14b-4904-8866-f2b3c1fa1139"}
{"card_id":"CARD_f63273b2","card_num":"3520699648367815","is_consent":true,"card_name":"VISA 16 digit","card_member":"1","card_type":"02","org_code":"HANA_CARD","user_id":"53742f45-f14b-4904-8866-f2b3c1fa1139"}
{"card_id":"CARD_0fa46dfb","card_num":"4260578229998598","is_consent":true,"card_name":"VISA 19 digit","card_member":"1","card_type":"02","org_code":"SC","user_id":"53742f45-f14b-4904-8866-f2b3c1fa1139"}
{"card_id":"CARD_6f0c330f","card_num":"4410838680767265","is_consent":true,"card_name":"JCB 16 digit","card_member":"1","card_type":"02","org_code":"LOTTE","user_id":"53742f45-f14b-4904-8866-f2b3c1fa1139"}
{"card_id":"CARD_2a625930","card_num":"676361280172","is_consent":true,"card_name":"JCB 16 digit","card_member":"1","card_type":"02","org_code":"IBK","user_id":"2257858e-279d-48fc-8682-6a0b366305e6"}
{"card_id":"CARD_e24b00c6","card_num":"6011171817699906","is_consent":true,"card_name":"JCB 15 digit","card_member":"1","card_type":"02","org_code":"HANA_CARD","user_id":"2257858e-279d-48fc-8682-6a0b366305e6"}
{"card_id":"CARD_e98cafb4","card_num":"30057170245850","is_consent":true,"card_name":"Diners Club / Carte Blanche","card_member":"1","card_type":"02","org_code":"SAMSUNG","user_id":"2257858e-279d-48fc-8682-6a0b366305e6"}
{"card_id":"CARD_2793f4dd","card_num":"38815532391973","is_consent":true,"card_name":"Diners Club / Carte Blanche","card_member":"1","card_type":"02","org_code":"HANA_CARD","user_id":"2257858e-279d-48fc-8682-6a0b366305e6"}
{"card_id":"CARD_0b7ca231","card_num":"213178148377648","is_consent":true,"card_name":"Maestro","card_member":"1","card_type":"01","org_code":"WOORI_CARD","user_id":"2257858e-279d-48fc-8682-6a0b366305e6"}
{"card_id":"CARD_ed127b05","card_num":"4849217264270","is_consent":true,"card_name":"JCB 16 digit","card_member":"1","card_type":"01","org_code":"POST","user_id":"2257858e-279d-48fc-8682-6a0b366305e6"}
{"card_id":"CARD_fd4fb7f9","card_num":"3533683657977602","is_consent":true,"card_name":"VISA 16 digit","card_member":"1","card_type":"01","org_code":"SC","user_id":"75a4bb37-ddcd-4ced-9d41-d0f3ca4e4783"}
{"card_id":"CARD_9aa9fa9f","card_num":"4964792928742","is_consent":true,"card_name":"Discover","card_member":"1","card_type":"02","org_code":"LOTTE","user_id":"75a4bb37-ddcd-4ced-9d41-d0f3ca4e4783"}
{"card_id":"CARD_7ee9f1c2","card_num":"374733766252559","is_consent":true,"card_name":"JCB 16 digit","card_member":"1","card_type":"02","org_code":"KB_BANK","user_id":"75a4bb37-ddcd-4ced-9d41-d0f3ca4e4783"}
{"card_id":"CARD_0d4aefb4","card_num":"3512145743401067","is_consent":true,"card_name":"JCB 16 digit","card_member":"1","card_type":"01","org_code":"POST","user_id":"056b3dda-b58b-4557-87af-f518401174e3"}
{"card_id":"CARD_b6467fd9","card_num":"4064124712660235","is_consent":true,"card_name":"JCB 15 digit","card_member":"1","card_type":"02","org_code":"IBK","user_id":"056b3dda-b58b-4557-87af-f518401174e3"}
{"card_id":"CARD_d5f3b087","card_num":"4596176668293475","is_consent":true,"card_name":"JCB 16 digit","card_member":"1","card_type":"01","org_code":"MIRAE","user_id":"056b3dda-b58b-4557-87af-f518401174e3"}
{"card_id":"CARD_7ea957f7","card_num":"30597026107879","is_consent":true,"card_name":"American Express","card_member":"1","card_type":"02","org_code":"SC","user_id":"056b3dda-b58b-4557-87af-f518401174e3"}
{"card_id":"CARD_e4175a95","card_num":"3543126965602031","is_consent":true,"card_name":"JCB 15 digit","card_member":"1","card_type":"01","org_code":"SC","user_id":"056b3dda-b58b-4557-87af-f518401174e3"}
{"card_id":"CARD_6842c76d","card_num":"213165856103019","is_consent":true,"card_name":"Diners Club / Carte Blanche","card_member":"1","card_type":"01","org_code":"HYUNDAI","user_id":"056b3dda-b58b-4557-87af-f518401174e3"}
{"card_id":"CARD_03aba005","card_num":"060473783672","is_consent":true,"card_name":"VISA 16 digit","card_member":"1","card_type":"02","org_code":"WOORI_CARD","user_id":"056b3dda-b58b-4557-87af-f518401174e3"}
{"card_id":"CARD_6a0f9f8b","card_num":"347653427587108","is_consent":true,"card_name":"JCB 16 digit","card_member":"1","card_type":"02","org_code":"NONGHYUP","user_id":"b72846ec-839c-4a87-be28-5f7ef0c8c09b"}
{"card_id":"CARD_f8d5a14e","card_num":"4542146958574394061","is_consent":true,"card_name":"Diners Club / Carte Blanche","card_member":"1","card_type":"01","org_code":"WOORI","user_id":"b72846ec-839c-4a87-be28-5f7ef0c8c09b"}
{"card_id":"CARD_ec29dc6f","card_num":"4165712707494267343","is_consent":true,"card_name":"Diners Club / Carte Blanche","card_member":"1","card_type":"02","org_code":"SC","user_id":"b72846ec-839c-4a87-be28-5f7ef0c8c09b"}
{"card_id":"CARD_7f1bde8b","card_num":"4620461415255229","is_consent":true,"card_name":"VISA 16 digit","card_member":"1","card_type":"02","org_code":"SHINHAN_BANK","user_id":"b72846ec-839c-4a87-be28-5f7ef0c8c09b"}
{"card_id":"CARD_ed70bd2f","card_num":"4574062079241629319","is_consent":true,"card_name":"Diners Club / Carte Blanche","card_member":"1","card_type":"01","org_code":"NONGHYUP","user_id":"0536a931-f280-43c3-bd78-a0e483e1ea31"}
{"card_id":"CARD_7ed4f249","card_num":"3509255801012154","is_consent":true,"card_name":"VISA 16 digit","card_member":"1","card_type":"01","org_code":"MIRAE","user_id":"0536a931-f280-43c3-bd78-a0e483e1ea31"}
{"card_id":"CARD_54833837","card_num":"502068860647","is_consent":true,"card_name":"VISA 13 digit","card_member":"1","card_type":"01","org_code":"SHINHAN_CARD","user_id":"0536a931-f280-43c3-bd78-a0e483e1ea31"}
{"card_id":"CARD_e5ac600f","card_num":"38351590252444","is_consent":true,"card_name":"VISA 16 digit","card_member":"1","card_type":"01","org_code":"NONGHYUP","user_id":"0536a931-f280-43c3-bd78-a0e483e1ea31"}
{"card_id":"CARD_9ee53490","card_num":"4367755368362784","is_consent":true,"card_name":"JCB 16 digit","card_member":"1","card_type":"02","org_code":"HANA_BANK","user_id":"0536a931-f280-43c3-bd78-a0e483e1ea31"}
{"card_id":"CARD_5aff3849","card_num":"4182566459081334373","is_consent":true,"card_name":"JCB 15 digit","card_member":"1","card_type":"01","org_code":"SHINHAN_CARD","user_id":"b6c6b1c0-9243-4368-9007-b74d46fc6137"}
{"card_id":"CARD_d960e291","card_num":"4283237730532270","is_consent":true,"card_name":"JCB 15 digit","card_member":"1","card_type":"01","org_code":"HANA_CARD","user_id":"b6c6b1c0-9243-4368-9007-b74d46fc6137"}
{"card_id":"CARD_83d8afe1","card_num":"630438213427","is_consent":true,"card_name":"Diners Club / Carte Blanche","card_member":"1","card_type":"01","org_code":"HYUNDAI","user_id":"b6c6b1c0-9243-4368-9007-b74d46fc6137"}
{"card_id":"CARD_5ef6f0a3","card_num":"30266924091748","is_consent":true,"card_name":"JCB 16 digit","card_member":"1","card_type":"02","org_code":"WOORI","user_id":"b6c6b1c0-9243-4368-9007-b74d46fc6137"}
{"card_id":"CARD_99a35e1b","card_num":"5493029907604021","is_consent":true,"card_name":"American Express","card_member":"1","card_type":"01","org_code":"LOTTE","user_id":"b6c6b1c0-9243-4368-9007-b74d46fc6137"}
{"card_id":"CARD_3b76a9e9","card_num":"6011019377799485","is_consent":true,"card_name":"VISA 16 digit","card_member":"1","card_type":"01","org_code":"LOTTE","user_id":"b6c6b1c0-9243-4368-9007-b74d46fc6137"}
{"card_id":"CARD_2b643102","card_num":"3571882525983304","is_consent":true,"card_name":"JCB 16 digit","card_member":"1","card_type":"02","org_code":"KAKAO","user_id":"4f875eef-7b1f-4bf4-9f28-08fb1783984a"}
{"card_id":"CARD_7acf9f5e","card_num":"4887401360803720","is_consent":true,"card_name":"VISA 16 digit","card_member":"1","card_type":"01","org_code":"HANA_BANK","user_id":"4f875eef-7b1f-4bf4-9f28-08fb1783984a"}
{"card_id":"CARD_e4baf68a","card_num":"348918391267436","is_consent":true,"card_name":"VISA 16 digit","card_member":"1","card_type":"01","org_code":"BC","user_id":"4f875eef-7b1f-4bf4-9f28-08fb1783984a"}
{"card_id":"CARD_c8c6a758","card_num":"341029033940492","is_consent":true,"card_name":"VISA 13 digit","card_member":"1","card_type":"01","org_code":"POST","user_id":"e8aac155-a937-478b-a327-3664b753bd32"}
{"card_id":"CARD_f117e87a","card_num":"6011742540908184","is_consent":true,"card_name":"Diners Club / Carte Blanche","card_member":"1","card_type":"01","org_code":"HANA_BANK","user_id":"e8aac155-a937-478b-a327-3664b753bd32"}
{"card_id":"CARD_34f6d707","card_num":"4648649213746907847","is_consent":true,"card_name":"JCB 16 digit","card_member":"1","card_type":"01","org_code":"IBK","user_id":"e8aac155-a937-478b-a327-3664b753bd32"}
{"card_id":"CARD_0317496a","card_num":"3511499405220955","is_consent":true,"card_name":"JCB 16 digit","card_member":"1","card_type":"02","org_code":"LOTTE","user_id":"e8aac155-a937-478b-a327-3664b753bd32"}
{"card_id":"CARD_49542bde","card_num":"6011599505070651","is_consent":true,"card_name":"VISA 16 digit","card_member":"1","card_type":"01","org_code":"POST","user_id":"e8aac155-a937-478b-a327-3664b753bd32"}
{"card_id":"CARD_9dee3006","card_num":"6596866151998342","is_consent":true,"card_name":"Discover","card_member":"1","card_type":"02","org_code":"HANA_BANK","user_id":"e8aac155-a937-478b-a327-3664b753bd32"}
{"card_id":"CARD_c78b514a","card_num":"30570523822639","is_consent":true,"card_name":"VISA 13 digit","card_member":"1","card_type":"02","org_code":"NONGHYUP","user_id":"e8aac155-a937-478b-a327-3664b753bd32"}
{"card_id":"CARD_f7e8d3c1","card_num":"30137469835908","is_consent":true,"card_name":"Diners Club / Carte Blanche","card_member":"1","card_type":"02","org_code":"NONGHYUP","user_id":"6e95cc93-a906-40b9-81eb-d4d78a134ae4"}
{"card_id":"CARD_91a61fd8","card_num":"3577391452798374","is_consent":true,"card_name":"VISA 13 digit","card_member":"1","card_type":"01","org_code":"HANA_BANK","user_id":"6e95cc93-a906-40b9-81eb-d4d78a134ae4"}
{"card_id":"CARD_2e516631","card_num":"4024082302205","is_consent":true,"card_name":"Discover","card_member":"1","card_type":"02","org_code":"BC","user_id":"69d1b76c-511b-40c7-bb73-6a8bef00b6fd"}
{"card_id":"CARD_6ce2dae3","card_num":"371651434589991","is_consent":true,"card_name":"VISA 19 digit","card_member":"1","card_type":"01","org_code":"POST","user_id":"69d1b76c-511b-40c7-bb73-6a8bef00b6fd"}
{"card_id":"CARD_afbbffcb","card_num":"4870167901857306","is_consent":true,"card_name":"VISA 19 digit","card_member":"1","card_type":"02","org_code":"WOORI","user_id":"69d1b76c-511b-40c7-bb73-6a8bef00b6fd"}
{"card_id":"CARD_b5441ec2","card_num":"4479866252661358","is_consent":true,"card_name":"Discover","card_member":"1","card_type":"02","org_code":"SHINHAN_CARD","user_id":"24105bc0-8492-4ff3-b532-34b954609e2c"}
{"card_id":"CARD_292a6ac8","card_num":"5263123280433252","is_consent":true,"card_name":"Maestro","card_member":"1","card_type":"02","org_code":"MIRAE","user_id":"24105bc0-8492-4ff3-b532-34b954609e2c"}
{"card_id":"CARD_bff1bd9a","card_num":"4726762542847736","is_consent":true,"card_name":"VISA 13 digit","card_member":"1","card_type":"02","org_code":"SHINHAN_CARD","user_id":"24105bc0-8492-4ff3-b532-34b954609e2c"}
{"card_id":"CARD_e31dc2f3","card_num":"3582275521668259","is_consent":true,"card_name":"VISA 19 digit","card_member":"1","card_type":"02","org_code":"HANA_CARD","user_id":"461c7f6d-e62f-42d9-81d9-5eb187ccc799"}
{"card_id":"CARD_d9526d00","card_num":"4967400198329109","is_consent":true,"card_name":"VISA 16 digit","card_member":"1","card_type":"01","org_code":"KAKAO","user_id":"461c7f6d-e62f-42d9-81d9-5eb187ccc799"}
{"card_id":"CARD_f7d096b6","card_num":"4819771318747713","is_consent":true,"card_name":"JCB 16 digit","card_member":"1","card_type":"02","org_code":"SHINHAN_BANK","user_id":"461c7f6d-e62f-42d9-81d9-5eb187ccc799"}
{"card_id":"CARD_9c9d9120","card_num":"3595295663334713","is_consent":true,"card_name":"JCB 16 digit","card_member":"1","card_type":"02","org_code":"HANA_BANK","user_id":"461c7f6d-e62f-42d9-81d9-5eb187ccc799"}
{"card_id":"CARD_cde7db73","card_num":"4039043952997","is_consent":true,"card_name":"Mastercard","card_member":"1","card_type":"02","org_code":"HYUNDAI","user_id":"461c7f6d-e62f-42d9-81d9-5eb187ccc799"}
{"card_id":"CARD_d29d4f16","card_num":"4254694310003","is_consent":true,"card_name":"VISA 19 digit","card_member":"1","card_type":"02","org_code":"NONGHYUP","user_id":"461c7f6d-e62f-42d9-81d9-5eb187ccc799"}
{"card_id":"CARD_c8ab4a80","card_num":"6011225892041259","is_consent":true,"card_name":"JCB 16 digit","card_member":"1","card_type":"02","org_code":"HANA_BANK","user_id":"6f9f677b-2079-407a-bfa7-a721d276aaa5"}
{"card_id":"CARD_5a3890ba","card_num":"4460817044145722","is_consent":true,"card_name":"Diners Club / Carte Blanche","card_member":"1","card_type":"02","org_code":"LOTTE","user_id":"6f9f677b-2079-407a-bfa7-a721d276aaa5"}
{"card_id":"CARD_4715647a","card_num":"4601385936093681","is_consent":true,"card_name":"Diners Club / Carte Blanche","card_member":"1","card_type":"01","org_code":"BC","user_id":"6f9f677b-2079-407a-bfa7-a721d276aaa5"}
{"card_id":"CARD_aca10d32","card_num":"180049077226230","is_consent":true,"card_name":"Maestro","card_member":"1","card_type":"01","org_code":"LOTTE","user_id":"6f9f677b-2079-407a-bfa7-a721d276aaa5"}
{"card_id":"CARD_d38f1aec","card_num":"4115614215428635563","is_consent":true,"card_name":"Mastercard","card_member":"1","card_type":"01","org_code":"WOORI_CARD","user_id":"6f9f677b-2079-407a-bfa7-a721d276aaa5"}
{"card_id":"CARD_7864ae75","card_num":"4665822849473","is_consent":true,"card_name":"VISA 19 digit","card_member":"1","card_type":"01","org_code":"KB_BANK","user_id":"6f9f677b-2079-407a-bfa7-a721d276aaa5"}
{"card_id":"CARD_dae23974","card_num":"3534706056942775","is_consent":true,"card_name":"Diners Club / Carte Blanche","card_member":"1","card_type":"01","org_code":"HANA_CARD","user_id":"8f590fd0-ab28-4ca1-9d71-2babb9c27233"}
{"card_id":"CARD_76d11c79","card_num":"6011405068388672","is_consent":true,"card_name":"JCB 16 digit","card_member":"1","card_type":"02","org_code":"BC","user_id":"8f590fd0-ab28-4ca1-9d71-2babb9c27233"}
{"card_id":"CARD_fa59c3bb","card_num":"4227037381498139","is_consent":true,"card_name":"VISA 19 digit","card_member":"1","card_type":"01","org_code":"HYUNDAI","user_id":"8f590fd0-ab28-4ca1-9d71-2babb9c27233"}
{"card_id":"CARD_bb03445a","card_num":"180031095777444","is_consent":true,"card_name":"American Express","card_member":"1","card_type":"02","org_code":"SHINHAN_BANK","user_id":"8f590fd0-ab28-4ca1-9d71-2babb9c27233"}
{"card_id":"CARD_c90e5ec4","card_num":"377202372837200","is_consent":true,"card_name":"JCB 16 digit","card_member":"1","card_type":"01","org_code":"SHINHAN_BANK","user_id":"8f590fd0-ab28-4ca1-9d71-2babb9c27233"}
{"card_id":"CARD_6a317a43","card_num":"3587985743786052","is_consent":true,"card_name":"JCB 16 digit","card_member":"1","card_type":"02","org_code":"KAKAO","user_id":"c35fe923-f0e3-434b-b691-65c23312a165"}
{"card_id":"CARD_f1d73ad4","card_num":"2231370638997555","is_consent":true,"card_name":"VISA 16 digit","card_member":"1","card_type":"02","org_code":"SHINHAN_BANK","user_id":"c35fe923-f0e3-434b-b691-65c23312a165"}
{"card_id":"CARD_b01472fa","card_num":"6560756689617443","is_consent":true,"card_name":"Diners Club / Carte Blanche","card_member":"1","card_type":"01","org_code":"WOORI","user_id":"c35fe923-f0e3-434b-b691-65c23312a165"}
{"card_id":"CARD_4eb2dd3a","card_num":"4679290103636","is_consent":true,"card_name":"VISA 16 digit","card_member":"1","card_type":"02","org_code":"LOTTE","user_id":"c35fe923-f0e3-434b-b691-65c23312a165"}
{"card_id":"CARD_28247ac0","card_num":"4052929246674976505","is_consent":true,"card_name":"VISA 19 digit","card_member":"1","card_type":"02","org_code":"POST","user_id":"c35fe923-f0e3-434b-b691-65c23312a165"}
{"card_id":"CARD_2ad3d50f","card_num":"4124302203957033","is_consent":true,"card_name":"Mastercard","card_member":"1","card_type":"02","org_code":"KB_BANK","user_id":"4cad8512-29c5-41b4-99a8-d9e0fe63e306"}
{"card_id":"CARD_118d8b0a","card_num":"502095197021","is_consent":true,"card_name":"American Express","card_member":"1","card_type":"01","org_code":"HANA_CARD","user_id":"4cad8512-29c5-41b4-99a8-d9e0fe63e306"}
{"card_id":"CARD_d9999e27","card_num":"372773841815485","is_consent":true,"card_name":"Discover","card_member":"1","card_type":"02","org_code":"HYUNDAI","user_id":"4cad8512-29c5-41b4-99a8-d9e0fe63e306"}
{"card_id":"CARD_aee37120","card_num":"4260016733170968980","is_consent":true,"card_name":"JCB 16 digit","card_member":"1","card_type":"02","org_code":"MIRAE","user_id":"4cad8512-29c5-41b4-99a8-d9e0fe63e306"}
{"card_id":"CARD_d3fd757b","card_num":"3583452800261515","is_consent":true,"card_name":"JCB 16 digit","card_member":"1","card_type":"01","org_code":"HANA_BANK","user_id":"4cad8512-29c5-41b4-99a8-d9e0fe63e306"}
{"card_id":"CARD_4c89ad6d","card_num":"4228632547803351","is_consent":true,"card_name":"American Express","card_member":"1","card_type":"01","org_code":"WOORI_CARD","user_id":"4cad8512-29c5-41b4-99a8-d9e0fe63e306"}
{"card_id":"CARD_4704cde5","card_num":"38661896363566","is_consent":true,"card_name":"VISA 16 digit","card_member":"1","card_type":"02","org_code":"MIRAE","user_id":"4cad8512-29c5-41b4-99a8-d9e0fe63e306"}
{"card_id":"CARD_e75f0e11","card_num":"3589741514400987","is_consent":true,"card_name":"JCB 16 digit","card_member":"1","card_type":"01","org_code":"SHINHAN_BANK","user_id":"6e3c344c-937a-42c3-866b-0cc9c4a6c7f7"}
{"card_id":"CARD_26945846","card_num":"4222329182530847","is_consent":true,"card_name":"Discover","card_member":"1","card_type":"02","org_code":"HANA_BANK","user_id":"6e3c344c-937a-42c3-866b-0cc9c4a6c7f7"}
{"card_id":"CARD_4aca364c","card_num":"4144051331416917812","is_consent":true,"card_name":"VISA 19 digit","card_member":"1","card_type":"01","org_code":"IBK","user_id":"6e3c344c-937a-42c3-866b-0cc9c4a6c7f7"}
{"card_id":"CARD_6e37778e","card_num":"213171502277272","is_consent":true,"card_name":"JCB 16 digit","card_member":"1","card_type":"01","org_code":"HANA_CARD","user_id":"7ff7f771-f124-480a-93d9-f79f3c562f3f"}
{"card_id":"CARD_f023c790","card_num":"4092311947166528","is_consent":true,"card_name":"VISA 19 digit","card_member":"1","card_type":"02","org_code":"SC","user_id":"7ff7f771-f124-480a-93d9-f79f3c562f3f"}
{"card_id":"CARD_6c9ffcc8","card_num":"6011671375627504","is_consent":true,"card_name":"VISA 16 digit","card_member":"1","card_type":"02","org_code":"SAMSUNG","user_id":"7ff7f771-f124-480a-93d9-f79f3c562f3f"}
{"card_id":"CARD_eb1a9208","card_num":"4969686319429764","is_consent":true,"card_name":"JCB 16 digit","card_member":"1","card_type":"01","org_code":"HYUNDAI","user_id":"3191577f-a13c-4929-b5e5-f94066b763f6"}
{"card_id":"CARD_4c780472","card_num":"3542550984643828","is_consent":true,"card_name":"VISA 16 digit","card_member":"1","card_type":"01","org_code":"KB_BANK","user_id":"3191577f-a13c-4929-b5e5-f94066b763f6"}
{"card_id":"CARD_d26a917a","card_num":"3510336450738278","is_consent":true,"card_name":"VISA 13 digit","card_member":"1","card_type":"01","org_code":"KB_BANK","user_id":"3191577f-a13c-4929-b5e5-f94066b763f6"}
{"card_id":"CARD_25b91e51","card_num":"6011399823173240","is_consent":true,"card_name":"VISA 19 digit","card_member":"1","card_type":"02","org_code":"HANA_BANK","user_id":"3191577f-a13c-4929-b5e5-f94066b763f6"}
{"card_id":"CARD_1d4f27ea","card_num":"180049832739766","is_consent":true,"card_name":"JCB 15 digit","card_member":"1","card_type":"01","org_code":"KB_CARD","user_id":"3191577f-a13c-4929-b5e5-f94066b763f6"}
{"card_id":"CARD_4ac639e3","card_num":"4042847195593476","is_consent":true,"card_name":"VISA 16 digit","card_member":"1","card_type":"02","org_code":"SHINHAN_CARD","user_id":"7527c057-858b-4e18-ad86-ca39f0d7d545"}
{"card_id":"CARD_328cd85c","card_num":"502068414437","is_consent":true,"card_name":"VISA 19 digit","card_member":"1","card_type":"02","org_code":"KB_CARD","user_id":"7527c057-858b-4e18-ad86-ca39f0d7d545"}
{"card_id":"CARD_c08381f1","card_num":"501888443519","is_consent":true,"card_name":"American Express","card_member":"1","card_type":"01","org_code":"POST","user_id":"7527c057-858b-4e18-ad86-ca39f0d7d545"}
{"card_id":"CARD_636276ea","card_num":"213189479498069","is_consent":true,"card_name":"Mastercard","card_member":"1","card_type":"01","org_code":"MIRAE","user_id":"da492a6f-bf90-4efe-bc11-f410db868d7d"}
{"card_id":"CARD_30f33e27","card_num":"3595897161706605","is_consent":true,"card_name":"VISA 13 digit","card_member":"1","card_type":"02","org_code":"HANA_BANK","user_id":"da492a6f-bf90-4efe-bc11-f410db868d7d"}
{"card_id":"CARD_e288bd43","card_num":"6011023678883667","is_consent":true,"card_name":"VISA 16 digit","card_member":"1","card_type":"02","org_code":"NONGHYUP","user_id":"da492a6f-bf90-4efe-bc11-f410db868d7d"}
{"card_id":"CARD_ed42d14c","card_num":"30206415787883","is_consent":true,"card_name":"Discover","card_member":"1","card_type":"02","org_code":"SC","user_id":"da492a6f-bf90-4efe-bc11-f410db868d7d"}
{"card_id":"CARD_7a1b123d","card_num":"572099053355","is_consent":true,"card_name":"Maestro","card_member":"1","card_type":"02","org_code":"HYUNDAI","user_id":"98269380-6033-4239-8a6c-89e82242747d"}
{"card_id":"CARD_ef5e4646","card_num":"30072901474661","is_consent":true,"card_name":"JCB 15 digit","card_member":"1","card_type":"01","org_code":"SC","user_id":"98269380-6033-4239-8a6c-89e82242747d"}
{"card_id":"CARD_97736625","card_num":"4488189834774097","is_consent":true,"card_name":"Discover","card_member":"1","card_type":"01","org_code":"BC","user_id":"2aab66da-d65f-43ad-a671-3528d907770e"}
{"card_id":"CARD_c69182d6","card_num":"4704527346733606","is_consent":true,"card_name":"VISA 13 digit","card_member":"1","card_type":"01","org_code":"MIRAE","user_id":"2aab66da-d65f-43ad-a671-3528d907770e"}
{"card_id":"CARD_2c344f30","card_num":"180086058337172","is_consent":true,"card_name":"Maestro","card_member":"1","card_type":"02","org_code":"SHINHAN_BANK","user_id":"2aab66da-d65f-43ad-a671-3528d907770e"}
{"card_id":"CARD_443c8090","card_num":"3561022533909577","is_consent":true,"card_name":"JCB 16 digit","card_member":"1","card_type":"02","org_code":"SAMSUNG","user_id":"2aab66da-d65f-43ad-a671-3528d907770e"}
{"card_id":"CARD_da3c8932","card_num":"6574365919514794","is_consent":true,"card_name":"VISA 16 digit","card_member":"1","card_type":"01","org_code":"KB_BANK","user_id":"2aab66da-d65f-43ad-a671-3528d907770e"}
{"card_id":"CARD_fee32206","card_num":"342759726460015","is_consent":true,"card_name":"VISA 19 digit","card_member":"1","card_type":"01","org_code":"SC","user_id":"2aab66da-d65f-43ad-a671-3528d907770e"}
{"card_id":"CARD_6b2170dd","card_num":"180052149044078","is_consent":true,"card_name":"JCB 16 digit","card_member":"1","card_type":"01","org_code":"SHINHAN_CARD","user_id":"2aab66da-d65f-43ad-a671-3528d907770e"}
{"card_id":"CARD_56b5eccb","card_num":"347569467980989","is_consent":true,"card_name":"VISA 19 digit","card_member":"1","card_type":"02","org_code":"KB_BANK","user_id":"84b92393-21fe-4c35-ad4a-83f071c3526b"}
{"card_id":"CARD_a1060aaa","card_num":"501869559614","is_consent":true,"card_name":"VISA 16 digit","card_member":"1","card_type":"01","org_code":"HANA_CARD","user_id":"84b92393-21fe-4c35-ad4a-83f071c3526b"}
{"card_id":"CARD_e3e27556","card_num":"180099668554490","is_consent":true,"card_name":"Diners Club / Carte Blanche","card_member":"1","card_type":"01","org_code":"KAKAO","user_id":"84b92393-21fe-4c35-ad4a-83f071c3526b"}
{"card_id":"CARD_9f349df6","card_num":"4233646408950849578","is_consent":true,"card_name":"JCB 16 digit","card_member":"1","card_type":"01","org_code":"WOORI","user_id":"6e91f517-b558-48b9-91e9-91ea48e05644"}
{"card_id":"CARD_592a0d62","card_num":"2504903757094042","is_consent":true,"card_name":"JCB 15 digit","card_member":"1","card_type":"01","org_code":"HYUNDAI","user_id":"6e91f517-b558-48b9-91e9-91ea48e05644"}
{"card_id":"CARD_2d8bd285","card_num":"4390871554253157","is_consent":true,"card_name":"VISA 19 digit","card_member":"1","card_type":"02","org_code":"SC","user_id":"6e91f517-b558-48b9-91e9-91ea48e05644"}
{"card_id":"CARD_dfe462a2","card_num":"4864618064643887180","is_consent":true,"card_name":"JCB 16 digit","card_member":"1","card_type":"02","org_code":"HANA_BANK","user_id":"6e91f517-b558-48b9-91e9-91ea48e05644"}
{"card_id":"CARD_e669a5ec","card_num":"2249002211322725","is_consent":true,"card_name":"Maestro","card_member":"1","card_type":"01","org_code":"KAKAO","user_id":"6d0e73eb-5beb-4485-ab8e-40f7c929685c"}
{"card_id":"CARD_b683df27","card_num":"4918463386699673598","is_consent":true,"card_name":"VISA 16 digit","card_member":"1","card_type":"02","org_code":"MIRAE","user_id":"6d0e73eb-5beb-4485-ab8e-40f7c929685c"}
{"card_id":"CARD_d0816f15","card_num":"572092867876","is_consent":true,"card_name":"VISA 16 digit","card_member":"1","card_type":"01","org_code":"WOORI_CARD","user_id":"6d0e73eb-5beb-4485-ab8e-40f7c929685c"}
{"card_id":"CARD_771261b3","card_num":"4284503412120","is_consent":true,"card_name":"VISA 16 digit","card_member":"1","card_type":"01","org_code":"BC","user_id":"6d0e73eb-5beb-4485-ab8e-40f7c929685c"}
{"card_id":"CARD_e15988c6","card_num":"4612954839337946","is_consent":true,"card_name":"VISA 19 digit","card_member":"1","card_type":"02","org_code":"HYUNDAI","user_id":"6d0e73eb-5beb-4485-ab8e-40f7c929685c"}
{"card_id":"CARD_e6f82f87","card_num":"3572769531019141","is_consent":true,"card_name":"VISA 16 digit","card_member":"1","card_type":"02","org_code":"SC","user_id":"6d0e73eb-5beb-4485-ab8e-40f7c929685c"}
{"card_id":"CARD_88fca3fb","card_num":"36106867184981","is_consent":true,"card_name":"VISA 16 digit","card_member":"1","card_type":"01","org_code":"SAMSUNG","user_id":"6d0e73eb-5beb-4485-ab8e-40f7c929685c"}
{"card_id":"CARD_3361da0a","card_num":"4040704784533904","is_consent":true,"card_name":"JCB 16 digit","card_member":"1","card_type":"01","org_code":"LOTTE","user_id":"18129e71-c9f3-4c82-bb35-351e1976b361"}
{"card_id":"CARD_c8930b14","card_num":"36896024819384","is_consent":true,"card_name":"VISA 16 digit","card_member":"1","card_type":"02","org_code":"SC","user_id":"18129e71-c9f3-4c82-bb35-351e1976b361"}
{"card_id":"CARD_2101477e","card_num":"4638942789865198","is_consent":true,"card_name":"Maestro","card_member":"1","card_type":"01","org_code":"MIRAE","user_id":"18129e71-c9f3-4c82-bb35-351e1976b361"}
{"card_id":"CARD_bfc44503","card_num":"675982547977","is_consent":true,"card_name":"American Express","card_member":"1","card_type":"02","org_code":"POST","user_id":"18129e71-c9f3-4c82-bb35-351e1976b361"}
{"card_id":"CARD_d08ad628","card_num":"180017961520901","is_consent":true,"card_name":"VISA 16 digit","card_member":"1","card_type":"01","org_code":"SC","user_id":"18129e71-c9f3-4c82-bb35-351e1976b361"}
{"card_id":"CARD_e8e65837","card_num":"4699545062189","is_consent":true,"card_name":"Mastercard","card_member":"1","card_type":"01","org_code":"KB_BANK","user_id":"18129e71-c9f3-4c82-bb35-351e1976b361"}
{"card_id":"CARD_14a42f6b","card_num":"36120601689122","is_consent":true,"card_name":"VISA 16 digit","card_member":"1","card_type":"02","org_code":"HYUNDAI","user_id":"ae6a2a3e-4780-4495-b611-09fe1b7ae889"}
{"card_id":"CARD_a319cf95","card_num":"4847682392116079","is_consent":true,"card_name":"Diners Club / Carte Blanche","card_member":"1","card_type":"02","org_code":"NONGHYUP","user_id":"ae6a2a3e-4780-4495-b611-09fe1b7ae889"}
{"card_id":"CARD_1ee27c47","card_num":"4253117330676829585","is_consent":true,"card_name":"Diners Club / Carte Blanche","card_member":"1","card_type":"01","org_code":"LOTTE","user_id":"ae6a2a3e-4780-4495-b611-09fe1b7ae889"}
{"card_id":"CARD_c03716fe","card_num":"213196439425454","is_consent":true,"card_name":"JCB 15 digit","card_member":"1","card_type":"02","org_code":"BC","user_id":"ae6a2a3e-4780-4495-b611-09fe1b7ae889"}
{"card_id":"CARD_5acb823a","card_num":"30038681534958","is_consent":true,"card_name":"VISA 13 digit","card_member":"1","card_type":"01","org_code":"HANA_BANK","user_id":"ae6a2a3e-4780-4495-b611-09fe1b7ae889"}
{"card_id":"CARD_ffa649aa","card_num":"2295349414735960","is_consent":true,"card_name":"Discover","card_member":"1","card_type":"01","org_code":"KAKAO","user_id":"ae6a2a3e-4780-4495-b611-09fe1b7ae889"}
{"card_id":"CARD_9c4cc656","card_num":"4961140288196739","is_consent":true,"card_name":"Discover","card_member":"1","card_type":"01","org_code":"LOTTE","user_id":"bbab21d2-266d-4cf8-bec9-7287b73e742e"}
{"card_id":"CARD_c746032a","card_num":"30445978139542","is_consent":true,"card_name":"Diners Club / Carte Blanche","card_member":"1","card_type":"02","org_code":"SHINHAN_CARD","user_id":"bbab21d2-266d-4cf8-bec9-7287b73e742e"}
{"card_id":"CARD_a1032d79","card_num":"4315319711679403","is_consent":true,"card_name":"JCB 16 digit","card_member":"1","card_type":"02","org_code":"SHINHAN_CARD","user_id":"bbab21d2-266d-4cf8-bec9-7287b73e742e"}
{"card_id":"CARD_df9cef35","card_num":"374982456296927","is_consent":true,"card_name":"VISA 16 digit","card_member":"1","card_type":"01","org_code":"NONGHYUP","user_id":"bbab21d2-266d-4cf8-bec9-7287b73e742e"}
{"card_id":"CARD_5ffce157","card_num":"36363335068847","is_consent":true,"card_name":"Mastercard","card_member":"1","card_type":"01","org_code":"WOORI","user_id":"bbab21d2-266d-4cf8-bec9-7287b73e742e"}
{"card_id":"CARD_906552fb","card_num":"4240332170251223226","is_consent":true,"card_name":"JCB 16 digit","card_member":"1","card_type":"01","org_code":"LOTTE","user_id":"bbab21d2-266d-4cf8-bec9-7287b73e742e"}
{"card_id":"CARD_12bcdf5c","card_num":"676303753914","is_consent":true,"card_name":"Diners Club / Carte Blanche","card_member":"1","card_type":"02","org_code":"IBK","user_id":"5732d77c-d90e-4bfc-b023-98f96e994c8d"}
{"card_id":"CARD_114b018f","card_num":"4589933338104220","is_consent":true,"card_name":"Discover","card_member":"1","card_type":"02","org_code":"SHINHAN_CARD","user_id":"5732d77c-d90e-4bfc-b023-98f96e994c8d"}
{"card_id":"CARD_02026749","card_num":"6011816895150988","is_consent":true,"card_name":"VISA 16 digit","card_member":"1","card_type":"02","org_code":"SAMSUNG","user_id":"7103c94f-12b8-464f-b2e8-ec26dce6f19e"}
{"card_id":"CARD_4ce9967e","card_num":"4791254708217375","is_consent":true,"card_name":"JCB 16 digit","card_member":"1","card_type":"01","org_code":"KB_CARD","user_id":"7103c94f-12b8-464f-b2e8-ec26dce6f19e"}
{"card_id":"CARD_abb69f09","card_num":"3568665537009977","is_consent":true,"card_name":"JCB 15 digit","card_member":"1","card_type":"01","org_code":"IBK","user_id":"7103c94f-12b8-464f-b2e8-ec26dce6f19e"}
{"card_id":"CARD_f2a89510","card_num":"180036441090160","is_consent":true,"card_name":"JCB 16 digit","card_member":"1","card_type":"01","org_code":"KAKAO","user_id":"7103c94f-12b8-464f-b2e8-ec26dce6f19e"}
{"card_id":"CARD_d2f80df3","card_num":"3501039086223407","is_consent":true,"card_name":"VISA 16 digit","card_member":"1","card_type":"02","org_code":"HANA_CARD","user_id":"7103c94f-12b8-464f-b2e8-ec26dce6f19e"}
{"card_id":"CARD_4fb55727","card_num":"3540174220041721","is_consent":true,"card_name":"JCB 16 digit","card_member":"1","card_type":"01","org_code":"WOORI_CARD","user_id":"7103c94f-12b8-464f-b2e8-ec26dce6f19e"}
{"card_id":"CARD_61ca92bd","card_num":"6507422853841147","is_consent":true,"card_name":"JCB 15 digit","card_member":"1","card_type":"02","org_code":"SC","user_id":"56b26322-a157-4ddb-9080-87d460528929"}
{"card_id":"CARD_934ba635","card_num":"502032108602","is_consent":true,"card_name":"VISA 13 digit","card_member":"1","card_type":"01","org_code":"HYUNDAI","user_id":"56b26322-a157-4ddb-9080-87d460528929"}
{"card_id":"CARD_4b923340","card_num":"3585048105827436","is_consent":true,"card_name":"JCB 16 digit","card_member":"1","card_type":"02","org_code":"HYUNDAI","user_id":"56b26322-a157-4ddb-9080-87d460528929"}
{"card_id":"CARD_75f91b2e","card_num":"4662432035726351","is_consent":true,"card_name":"JCB 16 digit","card_member":"1","card_type":"01","org_code":"SHINHAN_BANK","user_id":"56b26322-a157-4ddb-9080-87d460528929"}
{"card_id":"CARD_f182d122","card_num":"4996161552935","is_consent":true,"card_name":"American Express","card_member":"1","card_type":"02","org_code":"SHINHAN_BANK","user_id":"56b26322-a157-4ddb-9080-87d460528929"}
{"card_id":"CARD_2b3f3567","card_num":"342080645038463","is_consent":true,"card_name":"VISA 19 digit","card_member":"1","card_type":"02","org_code":"SHINHAN_CARD","user_id":"56b26322-a157-4ddb-9080-87d460528929"}
{"card_id":"CARD_f3058862","card_num":"2225524168766586","is_consent":true,"card_name":"VISA 16 digit","card_member":"1","card_type":"02","org_code":"IBK","user_id":"56b26322-a157-4ddb-9080-87d460528929"}
{"card_id":"CARD_a61b06ba","card_num":"213154855487672","is_consent":true,"card_name":"VISA 13 digit","card_member":"1","card_type":"01","org_code":"HANA_CARD","user_id":"a177131e-f5e8-4c86-aac2-916d49a5574d"}
{"card_id":"CARD_ae6a5635","card_num":"4528203536601797","is_consent":true,"card_name":"VISA 16 digit","card_member":"1","card_type":"01","org_code":"KB_BANK","user_id":"a177131e-f5e8-4c86-aac2-916d49a5574d"}
{"card_id":"CARD_bc3e442b","card_num":"502015604270","is_consent":true,"card_name":"JCB 16 digit","card_member":"1","card_type":"02","org_code":"KAKAO","user_id":"c2c21242-4f43-4c29-9491-aab8c6a31a89"}
{"card_id":"CARD_d46ad6f0","card_num":"501891806561","is_consent":true,"card_name":"American Express","card_member":"1","card_type":"01","org_code":"SAMSUNG","user_id":"c2c21242-4f43-4c29-9491-aab8c6a31a89"}
{"card_id":"CARD_6ca7590f","card_num":"3556658281397874","is_consent":true,"card_name":"VISA 19 digit","card_member":"1","card_type":"01","org_code":"WOORI_CARD","user_id":"c2c21242-4f43-4c29-9491-aab8c6a31a89"}
{"card_id":"CARD_fd538930","card_num":"4808042726996414","is_consent":true,"card_name":"VISA 19 digit","card_member":"1","card_type":"01","org_code":"HANA_BANK","user_id":"9935d0a8-2939-4cae-975b-ca4c1a45b289"}
{"card_id":"CARD_414898d7","card_num":"30199935452916","is_consent":true,"card_name":"VISA 19 digit","card_member":"1","card_type":"01","org_code":"LOTTE","user_id":"9935d0a8-2939-4cae-975b-ca4c1a45b289"}
{"card_id":"CARD_d45729f2","card_num":"370266640099445","is_consent":true,"card_name":"American Express","card_member":"1","card_type":"01","org_code":"SHINHAN_BANK","user_id":"9935d0a8-2939-4cae-975b-ca4c1a45b289"}
{"card_id":"CARD_319e875c","card_num":"060452839768","is_consent":true,"card_name":"Discover","card_member":"1","card_type":"02","org_code":"LOTTE","user_id":"9935d0a8-2939-4cae-975b-ca4c1a45b289"}
{"card_id":"CARD_f329825a","card_num":"213149644818294","is_consent":true,"card_name":"Diners Club / Carte Blanche","card_member":"1","card_type":"01","org_code":"SHINHAN_CARD","user_id":"9935d0a8-2939-4cae-975b-ca4c1a45b289"}
{"card_id":"CARD_bf08667e","card_num":"213136710628509","is_consent":true,"card_name":"Mastercard","card_member":"1","card_type":"02","org_code":"WOORI_CARD","user_id":"9935d0a8-2939-4cae-975b-ca4c1a45b289"}
{"card_id":"CARD_58fe08ee","card_num":"3529180409481211","is_consent":true,"card_name":"VISA 16 digit","card_member":"1","card_type":"02","org_code":"WOORI_CARD","user_id":"f1f17f38-d207-4f5e-a360-8ffe6b55d84a"}
{"card_id":"CARD_212011cd","card_num":"2305779935217031","is_consent":true,"card_name":"VISA 16 digit","card_member":"1","card_type":"01","org_code":"KB_CARD","user_id":"f1f17f38-d207-4f5e-a360-8ffe6b55d84a"}
{"card_id":"CARD_4de83e73","card_num":"6011237104617669","is_consent":true,"card_name":"JCB 16 digit","card_member":"1","card_type":"01","org_code":"KAKAO","user_id":"f1f17f38-d207-4f5e-a360-8ffe6b55d84a"}
{"card_id":"CARD_409e7313","card_num":"6011186204230107","is_consent":true,"card_name":"Mastercard","card_member":"1","card_type":"01","org_code":"LOTTE","user_id":"f1f17f38-d207-4f5e-a360-8ffe6b55d84a"}
{"card_id":"CARD_cc688271","card_num":"579986628140","is_consent":true,"card_name":"Discover","card_member":"1","card_type":"02","org_code":"NONGHYUP","user_id":"f1f17f38-d207-4f5e-a360-8ffe6b55d84a"}
{"card_id":"CARD_9ddfb864","card_num":"5195048908200895","is_consent":true,"card_name":"Diners Club / Carte Blanche","card_member":"1","card_type":"02","org_code":"SC","user_id":"f1f17f38-d207-4f5e-a360-8ffe6b55d84a"}
{"card_id":"CARD_d44092a1","card_num":"213147348456528","is_consent":true,"card_name":"VISA 16 digit","card_member":"1","card_type":"01","org_code":"WOORI","user_id":"df682af5-1a1c-4f6e-bb5d-0bab23e38c2d"}
{"card_id":"CARD_be4b7ab0","card_num":"4142450583107592","is_consent":true,"card_name":"Maestro","card_member":"1","card_type":"02","org_code":"IBK","user_id":"f16f414e-0048-4de2-8de9-3899777be003"}
{"card_id":"CARD_a73697af","card_num":"4658028626230088","is_consent":true,"card_name":"Maestro","card_member":"1","card_type":"01","org_code":"HYUNDAI","user_id":"f16f414e-0048-4de2-8de9-3899777be003"}
{"card_id":"CARD_4516ca20","card_num":"4276449269861","is_consent":true,"card_name":"VISA 16 digit","card_member":"1","card_type":"02","org_code":"IBK","user_id":"f16f414e-0048-4de2-8de9-3899777be003"}
{"card_id":"CARD_1ae9ad76","card_num":"180070273310651","is_consent":true,"card_name":"Maestro","card_member":"1","card_type":"02","org_code":"KB_BANK","user_id":"f16f414e-0048-4de2-8de9-3899777be003"}
{"card_id":"CARD_7ada4af0","card_num":"36552809926247","is_consent":true,"card_name":"VISA 16 digit","card_member":"1","card_type":"02","org_code":"LOTTE","user_id":"f16f414e-0048-4de2-8de9-3899777be003"}
{"card_id":"CARD_9c9cf780","card_num":"4752269416379298","is_consent":true,"card_name":"VISA 16 digit","card_member":"1","card_type":"01","org_code":"IBK","user_id":"d48ba01d-c227-4cb0-a4ba-8e9cbee90ee1"}
{"card_id":"CARD_ea6b3508","card_num":"639078363798","is_consent":true,"card_name":"American Express","card_member":"1","card_type":"01","org_code":"SHINHAN_CARD","user_id":"d48ba01d-c227-4cb0-a4ba-8e9cbee90ee1"}
{"card_id":"CARD_4ff29d2b","card_num":"4686867571704639","is_consent":true,"card_name":"VISA 13 digit","card_member":"1","card_type":"01","org_code":"BC","user_id":"63bbe1d9-c54c-4169-bf1c-f9ffeab4c347"}
{"card_id":"CARD_b238ae83","card_num":"3561720886353166","is_consent":true,"card_name":"Maestro","card_member":"1","card_type":"02","org_code":"KAKAO","user_id":"63bbe1d9-c54c-4169-bf1c-f9ffeab4c347"}
{"card_id":"CARD_10afc353","card_num":"3543357309642074","is_consent":true,"card_name":"JCB 16 digit","card_member":"1","card_type":"01","org_code":"BC","user_id":"bf7da9b4-4086-43a5-b085-b0db5d688fc4"}
{"card_id":"CARD_c862fdb4","card_num":"4012209788389099763","is_consent":true,"card_name":"Mastercard","card_member":"1","card_type":"01","org_code":"KB_CARD","user_id":"bf7da9b4-4086-43a5-b085-b0db5d688fc4"}
